record_uid,gravity_mag,tilt_vertical_rms,tilt_horizontal_rms,exercise
singleonly_subject001_Chest_Press_(rack)_record0001,1.0044472202491885,0.19059436281354747,0.10540238034802261,Chest Press (rack)
singleonly_subject001_Chest_Press_(rack)_record0002,0.9960734909626942,0.15289824674421107,0.1372202889745682,Chest Press (rack)
singleonly_subject007_Chest_Press_(rack)_record0001,1.0049478212220473,0.04947947465546461,0.044657072017185384,Chest Press (rack)
singleonly_subject016_Chest_Press_(rack)_record0001,0.9927585499210938,0.11538958892684516,0.044186142602924146,Chest Press (rack)
singleonly_subject017_Chest_Press_(rack)_record0001,0.9982867563407972,0.08940893780097323,0.07180701555179513,Chest Press (rack)
singleonly_subject033_Chest_Press_(rack)_record0001,1.0079195849855658,0.15843979112216436,0.06714712424738557,Chest Press (rack)
singleonly_subject035_Chest_Press_(rack)_record0001,1.0489225787846679,0.1774704144040317,0.09321466801332491,Chest Press (rack)
singleonly_subject052_Chest_Press_(rack)_record0001,1.0498453453996652,0.1382896708688446,0.11733249901492816,Chest Press (rack)
singleonly_subject052_Chest_Press_(rack)_record0002,1.0245505104967847,0.13433397986197362,0.1555035663310679,Chest Press (rack)
singleonly_subject052_Chest_Press_(rack)_record0003,1.0241176556815523,0.13528680448998906,0.12269153598239303,Chest Press (rack)
singleonly_subject058_Chest_Press_(rack)_record0001,1.0282256930242357,0.07768200849152353,0.0937615820994267,Chest Press (rack)
singleonly_subject059_Chest_Press_(rack)_record0001,1.0082635041441106,0.11773561561136564,0.09800346248977704,Chest Press (rack)
singleonly_subject059_Chest_Press_(rack)_record0002,0.9971666138338752,0.10456066386526029,0.08699940791501408,Chest Press (rack)
singleonly_subject069_Chest_Press_(rack)_record0001,1.031639309160642,0.08514176840804583,0.09408189403189444,Chest Press (rack)
singleonly_subject069_Chest_Press_(rack)_record0002,1.0491895413070593,0.21994971895565182,0.13351266681004204,Chest Press (rack)
singleonly_subject076_Chest_Press_(rack)_record0001,1.0073756818829294,0.19010835352551986,0.11817009624499608,Chest Press (rack)
singleonly_subject080_Chest_Press_(rack)_record0001,1.040934178013769,0.11051802947813548,0.07361255386941784,Chest Press (rack)
singleonly_subject081_Chest_Press_(rack)_record0001,1.0212937413602683,0.11310211793077594,0.10468700310340796,Chest Press (rack)
singleonly_subject083_Chest_Press_(rack)_record0001,1.0096819280723246,0.07368207280293172,0.11533286612712244,Chest Press (rack)
singleonly_subject086_Chest_Press_(rack)_record0001,1.0227778646305743,0.10660472408221273,0.1398847055397938,Chest Press (rack)
singleonly_subject086_Chest_Press_(rack)_record0002,0.9942623883430229,0.11945434310395103,0.13424740834012822,Chest Press (rack)
singleonly_subject087_Chest_Press_(rack)_record0001,1.0059561827244552,0.1370474831557002,0.10833076190658764,Chest Press (rack)
singleonly_subject089_Chest_Press_(rack)_record0001,1.028181698396374,0.11901727675424333,0.09075236452984563,Chest Press (rack)
singleonly_subject089_Chest_Press_(rack)_record0002,1.0263830204234357,0.11115793212435814,0.09606307181320455,Chest Press (rack)
singleonly_subject089_Chest_Press_(rack)_record0003,1.0069983020942992,0.15730448874189287,0.09818962343736751,Chest Press (rack)
singleonly_subject089_Chest_Press_(rack)_record0004,0.9904454718544037,0.137158780401244,0.11815702784302767,Chest Press (rack)
singleonly_subject091_Chest_Press_(rack)_record0001,1.0192348140375453,0.13357142430271066,0.08364619322939602,Chest Press (rack)
singleonly_subject092_Chest_Press_(rack)_record0001,0.9991060197081499,0.08333130414244357,0.06783232861944684,Chest Press (rack)
singleonly_subject093_Chest_Press_(rack)_record0001,1.0450081963220321,0.09833492384490584,0.07226217239168065,Chest Press (rack)
singleonly_subject093_Chest_Press_(rack)_record0002,1.0398473594875692,0.09344401332100005,0.09479409812508184,Chest Press (rack)
singleonly_subject094_Chest_Press_(rack)_record0001,0.9957146832210246,0.1441626469030597,0.12303233494058995,Chest Press (rack)
singleonly_subject001_Squat_Rack_Shoulder_Press_record0001,0.9924518249969596,0.1824222044462449,0.1040894139633098,Squat Rack Shoulder Press
singleonly_subject007_Squat_Rack_Shoulder_Press_record0001,0.9556616956923981,0.04684454872128101,0.11954337249872708,Squat Rack Shoulder Press
singleonly_subject014_Squat_Rack_Shoulder_Press_record0001,1.0660064741383173,0.10952804575282783,0.09817887883349419,Squat Rack Shoulder Press
singleonly_subject014_Squat_Rack_Shoulder_Press_record0002,1.067350425592162,0.10362908748175512,0.10300326979087737,Squat Rack Shoulder Press
singleonly_subject015_Squat_Rack_Shoulder_Press_record0001,1.087067285190584,0.1443192881592705,0.08624654459989982,Squat Rack Shoulder Press
singleonly_subject033_Squat_Rack_Shoulder_Press_record0001,1.0184266583429313,0.11532690318506776,0.09037046704653454,Squat Rack Shoulder Press
singleonly_subject053_Squat_Rack_Shoulder_Press_record0001,1.022712547527019,0.0679677267104713,0.09014615668624598,Squat Rack Shoulder Press
singleonly_subject054_Squat_Rack_Shoulder_Press_record0001,0.9935825775964393,0.08010065165139604,0.09122566972971427,Squat Rack Shoulder Press
singleonly_subject054_Squat_Rack_Shoulder_Press_record0002,1.0120904681717657,0.0698033012218993,0.06820153042187913,Squat Rack Shoulder Press
singleonly_subject055_Squat_Rack_Shoulder_Press_record0001,1.0242173677316662,0.10141747905579387,0.08513673571156152,Squat Rack Shoulder Press
singleonly_subject057_Squat_Rack_Shoulder_Press_record0001,0.9762004378165453,0.1381108089488977,0.09589923228314132,Squat Rack Shoulder Press
singleonly_subject057_Squat_Rack_Shoulder_Press_record0002,0.9734670260415479,0.12768584834065663,0.1044958616388468,Squat Rack Shoulder Press
singleonly_subject065_Squat_Rack_Shoulder_Press_record0001,1.015122962781864,0.04620192908996047,0.06170023666834087,Squat Rack Shoulder Press
singleonly_subject066_Squat_Rack_Shoulder_Press_record0001,0.9910116200854642,0.1213075558212674,0.07301418594504536,Squat Rack Shoulder Press
singleonly_subject066_Squat_Rack_Shoulder_Press_record0002,0.9861366393112233,0.10027886261394643,0.07932221014208989,Squat Rack Shoulder Press
singleonly_subject067_Squat_Rack_Shoulder_Press_record0001,1.0514234811685679,0.10519546347872412,0.07352145973116186,Squat Rack Shoulder Press
singleonly_subject068_Squat_Rack_Shoulder_Press_record0001,1.0500070781712392,0.08806058529525286,0.08589797723017749,Squat Rack Shoulder Press
singleonly_subject069_Squat_Rack_Shoulder_Press_record0001,1.03640627687759,0.08078184875473342,0.08772843912085013,Squat Rack Shoulder Press
singleonly_subject071_Squat_Rack_Shoulder_Press_record0001,0.9436215325102618,0.09661638516830749,0.13236072816120417,Squat Rack Shoulder Press
singleonly_subject072_Squat_Rack_Shoulder_Press_record0001,0.9909092438436419,0.05600191512400466,0.0762579656723005,Squat Rack Shoulder Press
singleonly_subject073_Squat_Rack_Shoulder_Press_record0001,0.9793543606590724,0.10759784622592498,0.09500304525345268,Squat Rack Shoulder Press
singleonly_subject074_Squat_Rack_Shoulder_Press_record0001,1.0251552250352673,0.11269960616514317,0.11436073863285459,Squat Rack Shoulder Press
singleonly_subject075_Squat_Rack_Shoulder_Press_record0001,1.016995507830289,0.12479783803015053,0.11556749215810626,Squat Rack Shoulder Press
singleonly_subject076_Squat_Rack_Shoulder_Press_record0001,0.9880798462722016,0.23672589548755474,0.11889590070582208,Squat Rack Shoulder Press
singleonly_subject077_Squat_Rack_Shoulder_Press_record0001,1.0185087128082055,0.12262172751857518,0.11080147717374647,Squat Rack Shoulder Press
singleonly_subject078_Squat_Rack_Shoulder_Press_record0001,0.9965312253733162,0.09006995590364755,0.08673679145170012,Squat Rack Shoulder Press
singleonly_subject079_Squat_Rack_Shoulder_Press_record0001,0.6337965637761732,0.6480047109627329,0.29516798732066235,Squat Rack Shoulder Press
singleonly_subject080_Squat_Rack_Shoulder_Press_record0001,1.015949656446323,0.12444561853691863,0.1029026451595916,Squat Rack Shoulder Press
singleonly_subject081_Squat_Rack_Shoulder_Press_record0001,1.0263671566888333,0.08716488982967183,0.0800051737673677,Squat Rack Shoulder Press
singleonly_subject082_Squat_Rack_Shoulder_Press_record0001,1.0240928155240938,0.1254527801449509,0.07509293759491452,Squat Rack Shoulder Press
singleonly_subject083_Squat_Rack_Shoulder_Press_record0001,0.9856390341918486,0.06256193413943782,0.08476859429662016,Squat Rack Shoulder Press
singleonly_subject085_Squat_Rack_Shoulder_Press_record0001,0.982108441624371,0.08483101883926526,0.09120553518998771,Squat Rack Shoulder Press
singleonly_subject088_Squat_Rack_Shoulder_Press_record0001,1.002652015850152,0.10934613612576599,0.11833434843733823,Squat Rack Shoulder Press
singleonly_subject001_Lateral_Raise_record0001,0.6722422825475941,0.6097627276709524,0.237098260771146,Lateral Raise
singleonly_subject007_Lateral_Raise_record0001,0.8811830958741217,0.2614262863738236,0.1842637014099293,Lateral Raise
singleonly_subject014_Lateral_Raise_record0001,0.7213255616298041,0.3414585832757468,0.21447477438025905,Lateral Raise
singleonly_subject015_Lateral_Raise_record0001,0.8671000968768147,0.21284574490578118,0.19751238212229857,Lateral Raise
singleonly_subject033_Lateral_Raise_record0001,0.9182214190462467,0.47611054635242317,0.17591597949301233,Lateral Raise
singleonly_subject053_Lateral_Raise_record0001,0.8408096962244908,0.25560351905051,0.22462378254173057,Lateral Raise
singleonly_subject054_Lateral_Raise_record0001,0.9521270810458272,0.3311167481965661,0.1959988755704934,Lateral Raise
singleonly_subject055_Lateral_Raise_record0001,1.038011771875494,0.08827384854294407,0.14208236986396885,Lateral Raise
singleonly_subject055_Lateral_Raise_record0002,0.8891100238925425,0.34034806380402344,0.20679125368762744,Lateral Raise
singleonly_subject057_Lateral_Raise_record0001,0.8561675256604401,0.23251410431466052,0.18925411712544327,Lateral Raise
singleonly_subject057_Lateral_Raise_record0002,0.8654299478684928,0.2132215408924247,0.18427568932076946,Lateral Raise
singleonly_subject065_Lateral_Raise_record0001,0.8853669114670731,0.18597879160229164,0.16392815119112322,Lateral Raise
singleonly_subject066_Lateral_Raise_record0001,0.8088635218619304,0.2616810623295076,0.20376525033990228,Lateral Raise
singleonly_subject067_Lateral_Raise_record0001,0.8434874977934322,0.38686326911156577,0.1758975506906965,Lateral Raise
singleonly_subject068_Lateral_Raise_record0001,0.8929783554245481,0.24459745426120422,0.15989321782494473,Lateral Raise
singleonly_subject069_Lateral_Raise_record0001,0.7118650651028514,0.22348851952886445,0.23940269268470124,Lateral Raise
singleonly_subject070_Lateral_Raise_record0001,0.9162160151252896,0.3433281950469766,0.13593996454254326,Lateral Raise
singleonly_subject070_Lateral_Raise_record0002,0.941601971403126,0.34728123035274855,0.15927236746299567,Lateral Raise
singleonly_subject071_Lateral_Raise_record0001,0.8138244704827393,0.31463604807730094,0.18898422570784498,Lateral Raise
singleonly_subject072_Lateral_Raise_record0001,0.8346493478289888,0.2645983921131994,0.17477234429491298,Lateral Raise
singleonly_subject073_Lateral_Raise_record0001,0.7701375460997223,0.353145211619759,0.18300134350642608,Lateral Raise
singleonly_subject074_Lateral_Raise_record0001,0.7952611180001541,0.29956644165493557,0.20279809118349154,Lateral Raise
singleonly_subject075_Lateral_Raise_record0001,0.7844618291955815,0.47949493429624773,0.17930749886499564,Lateral Raise
singleonly_subject076_Lateral_Raise_record0001,0.938151185533722,0.37500888502306945,0.17527025701245225,Lateral Raise
singleonly_subject077_Lateral_Raise_record0001,0.7754019191860219,0.4216983535761628,0.21336807726047785,Lateral Raise
singleonly_subject078_Lateral_Raise_record0001,0.7854699519132509,0.368743575932906,0.2157828368026085,Lateral Raise
singleonly_subject078_Lateral_Raise_record0002,0.7818130303578321,0.37526745589610905,0.220954636004222,Lateral Raise
singleonly_subject079_Lateral_Raise_record0001,0.9425029699421046,0.4633767142300577,0.12543382036911865,Lateral Raise
singleonly_subject080_Lateral_Raise_record0001,1.0246258571707636,0.14528513462556983,0.1459337485730435,Lateral Raise
singleonly_subject081_Lateral_Raise_record0001,0.7672375978363511,0.34959258096403534,0.22519432890050955,Lateral Raise
singleonly_subject081_Lateral_Raise_record0002,0.8323782951890899,0.30698988879304906,0.20924530496237606,Lateral Raise
singleonly_subject082_Lateral_Raise_record0001,0.7956893158424028,0.37188475136349775,0.21535869695608809,Lateral Raise
singleonly_subject083_Lateral_Raise_record0001,0.8290544071717225,0.22929624042281035,0.19101188766052568,Lateral Raise
singleonly_subject085_Lateral_Raise_record0001,0.850220152676317,0.341197209447443,0.16510140460950054,Lateral Raise
singleonly_subject088_Lateral_Raise_record0001,0.9906616410673347,0.22144408674339686,0.1441188532123729,Lateral Raise
