record_uid,subject_id,rep_index,labelled_reps,detected_reps,push_duration_s,progress_rate_per_s_first,progress_rate_per_s_second,dynamic_accel_rms_g_first,dynamic_accel_rms_g_second,second_to_first_progress_rate,second_to_first_accel_energy,lower_acceleration_half
singleonly_subject001_Chest_Press_(rack)_record0001,3,1,20,20,1.1,0.9076202234169578,0.9105615947648602,0.16503171110616216,0.17496460852895118,1.0032407512217267,1.0601878109135,first
singleonly_subject001_Chest_Press_(rack)_record0001,3,2,20,20,1.02,0.9636902098740473,0.9970941038514428,0.24471985516554443,0.2005432996564742,1.03466248140236,0.8194811145209843,second
singleonly_subject001_Chest_Press_(rack)_record0001,3,3,20,20,1.2,0.9879037927042927,0.678762873962374,0.19480134553971187,0.19499509635354917,0.6870738618224403,1.000994607164034,first
singleonly_subject001_Chest_Press_(rack)_record0001,3,4,20,20,1.06,0.8677414832518808,1.0190509695783077,0.2077199033251361,0.16707669039317427,1.1743716178687127,0.8043364536505462,second
singleonly_subject001_Chest_Press_(rack)_record0001,3,5,20,20,1.06,1.0735981398745034,0.8131943129556851,0.1958015202484687,0.18262089364073272,0.7574475800141962,0.9326837371282409,second
singleonly_subject001_Chest_Press_(rack)_record0001,3,6,20,20,1.14,1.0354899526613213,0.7188960122509597,0.19335117556755685,0.17341357569675284,0.6942568688409956,0.8968839997363356,second
singleonly_subject001_Chest_Press_(rack)_record0001,3,7,20,20,1.18,0.7897582249557275,0.9051570292815607,0.167478644069338,0.16078741299966876,1.1461191547986758,0.9600472579244254,second
singleonly_subject001_Chest_Press_(rack)_record0001,3,8,20,20,1.16,0.9090934225370348,0.815044508497448,0.16126060424685976,0.1599433813403376,0.8965464805837868,0.991831712942699,second
singleonly_subject001_Chest_Press_(rack)_record0001,3,9,20,20,1.12,0.8736835533813758,0.9120307323329097,0.18468754972552143,0.17382138409903328,1.0438913824154301,0.9411646012812601,second
singleonly_subject001_Chest_Press_(rack)_record0001,3,10,20,20,1.2,1.0476676081821723,0.6189990584844944,0.19585224549753533,0.19426401274919397,0.5908353504968349,0.9918906584690583,second
singleonly_subject001_Chest_Press_(rack)_record0001,3,11,20,20,1.12,0.9763028195870154,0.8094114661272702,0.1683405356918317,0.1672045442524064,0.8290577983475028,0.9932518247327854,second
singleonly_subject001_Chest_Press_(rack)_record0001,3,12,20,20,1.14,0.8422361430140304,0.9121498218982504,0.19130528293737284,0.1654033544230703,1.0830095923383514,0.8646042173190691,second
singleonly_subject001_Chest_Press_(rack)_record0001,3,13,20,20,1.14,0.8378366130526861,0.9165493518595947,0.185118973824194,0.16480503276143374,1.093947599783347,0.8902654836340426,second
singleonly_subject001_Chest_Press_(rack)_record0001,3,14,20,20,1.16,0.8489564585656554,0.8751814724688275,0.17682569155813427,0.17319078916140587,1.0308908821395626,0.9794435844435345,second
singleonly_subject001_Chest_Press_(rack)_record0001,3,15,20,20,1.04,0.9372135942225989,0.9858633288543242,0.201795959549584,0.18406802616645992,1.0519089084191948,0.9121492153624212,second
singleonly_subject001_Chest_Press_(rack)_record0001,3,16,20,20,1.12,1.0243544678326393,0.7613598178816462,0.17377177098707666,0.17107337605638123,0.7432581609104071,0.9844716151802578,second
singleonly_subject001_Chest_Press_(rack)_record0001,3,17,20,20,1.02,0.9449622925512601,1.0158220211742301,0.19555376204657762,0.1845558462554069,1.074986831941896,0.9437601420904846,second
singleonly_subject001_Chest_Press_(rack)_record0001,3,18,20,20,1.0,1.0258503308489197,0.9741496691510803,0.2061504261056948,0.16775267293195414,0.9496021396658753,0.8137391520401036,second
singleonly_subject001_Chest_Press_(rack)_record0001,3,19,20,20,1.06,1.037234572147554,0.8495578806826347,0.19385911554740887,0.15922568772223805,0.8190605129210629,0.8213474371459148,second
singleonly_subject001_Chest_Press_(rack)_record0001,3,20,20,20,0.5,3.4677447438066222,0.5322552561933778,0.32716062787365807,0.1972159519737306,0.15348743795055372,0.6028107760261754,second
singleonly_subject001_Chest_Press_(rack)_record0002,3,1,15,14,1.06,0.9568166299455598,0.9299758228846288,0.1384041130116649,0.13886733732882803,0.9719478046044641,1.0033468970472295,first
singleonly_subject001_Chest_Press_(rack)_record0002,3,2,15,14,1.08,0.7861557147980572,1.0656961370537945,0.15362619740538566,0.08968085279737859,1.3555789482844933,0.5837601549215632,second
singleonly_subject001_Chest_Press_(rack)_record0002,3,3,15,14,0.76,2.0303357093729497,0.6012432379954714,0.138371609273889,0.06494847184251949,0.29612996275436626,0.46937715173899763,second
singleonly_subject001_Chest_Press_(rack)_record0002,3,4,15,14,0.76,1.8039982197092574,0.8275807276591636,0.11497177080732845,0.1151726785850841,0.45874808445905296,1.0017474531038784,first
singleonly_subject001_Chest_Press_(rack)_record0002,3,5,15,14,1.06,1.1984306205172428,0.6883618323129458,0.14252098365415605,0.12050752558169565,0.5743860516646752,0.8455423369384073,second
singleonly_subject001_Chest_Press_(rack)_record0002,3,6,15,14,1.18,1.004245359960235,0.6906698942770533,0.12805789423029032,0.0986532590747537,0.6877501473388951,0.7703801446035229,second
singleonly_subject001_Chest_Press_(rack)_record0002,3,7,15,14,0.96,1.433746982157393,0.6495863511759405,0.1162865316939158,0.12851688798761832,0.45306902770145163,1.1051743148200062,first
singleonly_subject001_Chest_Press_(rack)_record0002,3,8,15,14,1.36,0.5486220660705307,0.9219661692235869,0.12264994972194132,0.1170047828183379,1.680512371343553,0.9539733451468873,second
singleonly_subject001_Chest_Press_(rack)_record0002,3,9,15,14,1.12,1.3904599698173046,0.395254315896981,0.12076772283274707,0.09919933035400828,0.284261556950046,0.8214059852017814,second
singleonly_subject001_Chest_Press_(rack)_record0002,3,10,15,14,1.18,0.878238557208651,0.8166766970286373,0.10796462228823683,0.07452619890951868,0.9299030318417371,0.6902835144511834,second
singleonly_subject001_Chest_Press_(rack)_record0002,3,11,15,14,1.1,1.47131409083912,0.34686772734269794,0.14170004052415816,0.047683902572209017,0.2357536908688697,0.3365129776662236,second
singleonly_subject001_Chest_Press_(rack)_record0002,3,12,15,14,0.78,2.479571988689682,0.08453057541288177,0.13799461942162355,0.06926349624541964,0.03409079300720426,0.501928963141632,second
singleonly_subject001_Chest_Press_(rack)_record0002,3,13,15,14,1.06,1.1070996165116844,0.7796928363185041,0.11270920366530793,0.06882287641666285,0.7042661967269095,0.610623393463356,second
singleonly_subject001_Chest_Press_(rack)_record0002,3,14,15,14,1.8,0.9045324937130408,0.2065786173980703,0.09077871317196703,0.3243235783251286,0.2283816433725669,3.572683143357021,first
singleonly_subject016_Chest_Press_(rack)_record0001,10004,1,20,19,1.42,0.6897284486626295,0.7187222555627227,0.11313054313222864,0.11417652941364856,1.0420365535977407,1.0092458345240802,first
singleonly_subject016_Chest_Press_(rack)_record0001,10004,2,20,19,1.7,0.7832941965179523,0.39317639171734187,0.107932108107343,0.10157454067963081,0.5019523870662697,0.9410966065687394,second
singleonly_subject016_Chest_Press_(rack)_record0001,10004,3,20,19,1.64,0.8076508535022487,0.41186134161970256,0.10497173984645919,0.09165961926052645,0.5099497385952503,0.8731837673129529,second
singleonly_subject016_Chest_Press_(rack)_record0001,10004,4,20,19,1.54,0.7483255158951359,0.5503757828061628,0.09849221797929979,0.10566351916864682,0.7354764352085623,1.0728108406580328,first
singleonly_subject016_Chest_Press_(rack)_record0001,10004,5,20,19,1.4,0.7287221667026091,0.6998492618688196,0.11460926545526329,0.08923255142094565,0.9603787202406145,0.7785806066070354,second
singleonly_subject016_Chest_Press_(rack)_record0001,10004,6,20,19,1.14,1.1061146495488208,0.64827131536346,0.126233778045307,0.09346631941294607,0.5860796759430743,0.7404224198962005,second
singleonly_subject016_Chest_Press_(rack)_record0001,10004,7,20,19,1.44,0.5271618694520146,0.8617270194368744,0.11273298082042219,0.09043731585336899,1.6346535464195098,0.8022258898434609,second
singleonly_subject016_Chest_Press_(rack)_record0001,10004,8,20,19,1.26,0.6348464722491381,0.9524551150524493,0.10528845562261366,0.11777802774691988,1.5002920496322287,1.1186224268411031,first
singleonly_subject016_Chest_Press_(rack)_record0001,10004,9,20,19,1.3,0.4606620873157796,1.0777994511457587,0.11212775434675781,0.11013965316733511,2.3396747438582612,0.9822693213557595,second
singleonly_subject016_Chest_Press_(rack)_record0001,10004,10,20,19,1.22,0.6181928713582632,1.0211513909368188,0.12600190586171747,0.10137475165556865,1.6518330091597382,0.8045493515536485,second
singleonly_subject016_Chest_Press_(rack)_record0001,10004,11,20,19,1.22,0.7732710246151525,0.8660732376799295,0.12123799064664088,0.10122333385233913,1.120012531325564,0.8349143145019923,second
singleonly_subject016_Chest_Press_(rack)_record0001,10004,12,20,19,1.22,0.7031977272277019,0.9361465350673802,0.10753628846817072,0.15054716853791408,1.331270706402962,1.3999661945044162,first
singleonly_subject016_Chest_Press_(rack)_record0001,10004,13,20,19,1.34,0.5513504736684995,0.9411868397643361,0.10967236587095731,0.12110456510540017,1.7070572797407741,1.1042395606555457,first
singleonly_subject016_Chest_Press_(rack)_record0001,10004,14,20,19,1.22,0.7350905778645022,0.9042536844305799,0.10124553555547959,0.12147361743787823,1.2301255269214717,1.1997923342636105,first
singleonly_subject016_Chest_Press_(rack)_record0001,10004,15,20,19,1.24,0.5150854449669643,1.0978177808394871,0.10770193585419337,0.10743437885813129,2.1313313966965173,0.997515764280929,second
singleonly_subject016_Chest_Press_(rack)_record0001,10004,16,20,19,1.36,0.6391723341873061,0.8314159011068114,0.10837790478753515,0.120100686530928,1.3007695368478969,1.108165790493683,first
singleonly_subject016_Chest_Press_(rack)_record0001,10004,17,20,19,1.28,0.45612676736991214,1.106373232630088,0.10252405471823832,0.1145616216333594,2.425582780439709,1.1174121229227942,first
singleonly_subject016_Chest_Press_(rack)_record0001,10004,18,20,19,1.34,0.691200188679264,0.8013371247535718,0.11875182095069974,0.12902217780031422,1.159341588555923,1.0864858893732523,first
singleonly_subject016_Chest_Press_(rack)_record0001,10004,19,20,19,1.28,0.8978296416089975,0.6646703583910025,0.1076854647054488,0.12412290089311201,0.7403078797886969,1.1526430352752286,first
singleonly_subject017_Chest_Press_(rack)_record0001,10005,1,15,13,1.52,0.1921088297784668,1.1236806439057436,0.10842101447708268,0.06307575642710823,5.849187906675257,0.5817668902225663,second
singleonly_subject017_Chest_Press_(rack)_record0001,10005,2,15,13,1.24,0.45620451257305894,1.1566987132333928,0.09552039139153866,0.06430687301635384,2.535482840161852,0.6732266490906593,second
singleonly_subject017_Chest_Press_(rack)_record0001,10005,3,15,13,1.12,0.7863429112067367,0.9993713745075488,0.0774601655253988,0.05300816730861741,1.27091038815864,0.6843280923694424,second
singleonly_subject017_Chest_Press_(rack)_record0001,10005,4,15,13,1.1,0.879033325578664,0.9391484926031539,0.09561697958587245,0.06617961905173854,1.0683878133800175,0.6921324992524306,second
singleonly_subject017_Chest_Press_(rack)_record0001,10005,5,15,13,1.18,0.5717682248484024,1.1231470293888859,0.1046968133953624,0.08044726807535389,1.9643397107047618,0.7683831576760993,second
singleonly_subject017_Chest_Press_(rack)_record0001,10005,6,15,13,1.42,0.8669599162980497,0.5414907879273025,0.07141774770335153,0.07013974647137626,0.6245857250696063,0.9821052711255511,second
singleonly_subject017_Chest_Press_(rack)_record0001,10005,7,15,13,1.18,0.7219970776984876,0.9729181765388006,0.08433515922140354,0.07129711807139703,1.34753755463966,0.8454020687175324,second
singleonly_subject017_Chest_Press_(rack)_record0001,10005,8,15,13,1.18,0.7190052368879002,0.9759100173493881,0.10034649526924846,0.07221694701293445,1.357305854368265,0.7196758274333631,second
singleonly_subject017_Chest_Press_(rack)_record0001,10005,9,15,13,1.18,0.8120088949672605,0.8829063592700278,0.0966219228480064,0.07535242013309022,1.0873111917149945,0.7798687700681064,second
singleonly_subject017_Chest_Press_(rack)_record0001,10005,10,15,13,1.34,0.5700567896918957,0.9224805237409401,0.11681083371372661,0.06464350370753745,1.6182256582533163,0.5534033244378864,second
singleonly_subject017_Chest_Press_(rack)_record0001,10005,11,15,13,1.32,0.7698361857549126,0.7453153293966025,0.12145609451282259,0.06596229693213732,0.9681479556143953,0.5430958174369209,second
singleonly_subject017_Chest_Press_(rack)_record0001,10005,12,15,13,1.26,0.5552158802204982,1.0320857070810892,0.10317325086385824,0.07124353865113858,1.8588908276024223,0.6905233483933509,second
singleonly_subject017_Chest_Press_(rack)_record0001,10005,13,15,13,1.18,0.6542434913189713,1.0406717629183169,0.09193433274222346,0.06551539613222392,1.590649011762114,0.7126325299594425,second
singleonly_subject033_Chest_Press_(rack)_record0001,502,1,22,22,1.3,0.9023960482635026,0.6360654901980358,0.15458531317306914,0.1125561682253598,0.7048628940940382,0.7281168302149458,second
singleonly_subject033_Chest_Press_(rack)_record0001,502,2,22,22,1.26,0.9549106456213884,0.6323909416801988,0.15887009934172538,0.12169730977796991,0.6622514311469252,0.7660177105838035,second
singleonly_subject033_Chest_Press_(rack)_record0001,502,3,22,22,1.1,1.1316835643144698,0.6864982538673481,0.11685870454803424,0.1309182706524694,0.6066167924628314,1.1203125274990193,first
singleonly_subject033_Chest_Press_(rack)_record0001,502,4,22,22,1.2,1.19146757059964,0.4751990960670268,0.160218066158499,0.12829040786729365,0.3988351070502652,0.800723731993992,second
singleonly_subject033_Chest_Press_(rack)_record0001,502,5,22,22,1.26,0.9893041196803399,0.5979974676212474,0.15745959751035454,0.1178438946341684,0.6044627286243082,0.7484071882402659,second
singleonly_subject033_Chest_Press_(rack)_record0001,502,6,22,22,0.96,1.4515814297245297,0.6317519036088036,0.13689143767161907,0.15796547435143907,0.4352163031795555,1.1539470768827287,first
singleonly_subject033_Chest_Press_(rack)_record0001,502,7,22,22,1.0,1.5088346312151402,0.49116536878485983,0.12289650892765155,0.13375113412652737,0.32552630926114134,1.0883232997714025,first
singleonly_subject033_Chest_Press_(rack)_record0001,502,8,22,22,1.2,1.0523725286440135,0.6142941380226532,0.163369216192723,0.1560249085783312,0.5837230840814267,0.9550447276081201,second
singleonly_subject033_Chest_Press_(rack)_record0001,502,9,22,22,1.16,1.0356664281029022,0.6884715029315807,0.15115149771791733,0.14275523188565264,0.6647618231602803,0.9444513222890188,second
singleonly_subject033_Chest_Press_(rack)_record0001,502,10,22,22,1.16,1.0032435178717918,0.7208944131626912,0.1969467238468521,0.15269256259359362,0.7185637388337623,0.7752988199607169,second
singleonly_subject033_Chest_Press_(rack)_record0001,502,11,22,22,1.14,1.2731767117891897,0.48120925312309115,0.19112831339309272,0.1544183073430197,0.3779595154916476,0.8079300476294597,second
singleonly_subject033_Chest_Press_(rack)_record0001,502,12,22,22,1.16,1.039288704083689,0.6848492269507941,0.17405984525574,0.1630771222912443,0.6589595598025921,0.936902604110907,second
singleonly_subject033_Chest_Press_(rack)_record0001,502,13,22,22,1.12,0.935085814386424,0.8506284713278615,0.19796325539316575,0.17654275639075645,0.9096795804629108,0.8917955811553663,second
singleonly_subject033_Chest_Press_(rack)_record0001,502,14,22,22,1.26,1.0434653150897604,0.543836272211827,0.17211423344559929,0.13618481059058526,0.5211828935253544,0.7912466497643244,second
singleonly_subject033_Chest_Press_(rack)_record0001,502,15,22,22,1.16,1.1271427490835415,0.5969951819509413,0.1932569982360571,0.17818244939989772,0.5296535708865153,0.9219973973840455,second
singleonly_subject033_Chest_Press_(rack)_record0001,502,16,22,22,1.12,1.0478731197339402,0.7378411659803454,0.17860266295985186,0.1552095825110893,0.7041321626493164,0.8690216592458025,second
singleonly_subject033_Chest_Press_(rack)_record0001,502,17,22,22,0.98,1.5456076235111056,0.4952087030195066,0.1328976367202994,0.13123506598592746,0.3203974252498557,0.9874898397337868,second
singleonly_subject033_Chest_Press_(rack)_record0001,502,18,22,22,1.08,1.1126315720000162,0.7392202798518356,0.1857152061132391,0.16323307496069675,0.6643890920001907,0.8789429706750347,second
singleonly_subject033_Chest_Press_(rack)_record0001,502,19,22,22,0.94,1.6196981121048497,0.5079614623632355,0.16725496629689962,0.1513541973981897,0.3136149005589216,0.9049309610903633,second
singleonly_subject033_Chest_Press_(rack)_record0001,502,20,22,22,1.16,1.0202896586474597,0.7038482723870232,0.17611317513744154,0.14264310959826887,0.6898514225068938,0.8099513820413942,second
singleonly_subject033_Chest_Press_(rack)_record0001,502,21,22,22,1.2,1.051562432702809,0.6151042339638578,0.1325681018168787,0.12296898707868567,0.5849431425415876,0.9275910674842984,second
singleonly_subject033_Chest_Press_(rack)_record0001,502,22,22,22,0.76,2.0100156148496526,0.6215633325187685,0.07477935919737766,0.04989863048690624,0.3092330865127438,0.6672781235688373,second
singleonly_subject035_Chest_Press_(rack)_record0001,512,1,19,18,0.88,0.4640082229085634,1.8087190498187093,0.17046177686731623,0.1719527710365563,3.8980323203779346,1.0087467947163347,first
singleonly_subject035_Chest_Press_(rack)_record0001,512,2,19,18,1.1,0.7552897313812926,1.0628920868005254,0.14956284687355217,0.1784859510648279,1.4072640506533591,1.1933842849068574,first
singleonly_subject035_Chest_Press_(rack)_record0001,512,3,19,18,0.9,0.8820347114367508,1.3401875107854715,0.16242126577382046,0.15817566096366528,1.5194271760602633,0.9738605361192826,second
singleonly_subject035_Chest_Press_(rack)_record0001,512,4,19,18,0.96,0.40931780450423616,1.6740155288290972,0.14472272139340048,0.15414602973433822,4.089769637205635,1.0651128464847086,first
singleonly_subject035_Chest_Press_(rack)_record0001,512,5,19,18,1.1,0.7300921378907962,1.088089680291022,0.13515321929730037,0.20737121241126222,1.4903457027142695,1.5343416419486233,first
singleonly_subject035_Chest_Press_(rack)_record0001,512,6,19,18,0.82,0.6281706612738599,1.8108537289700426,0.11157595624660815,0.1715286001502775,2.882741650649258,1.537325835426052,first
singleonly_subject035_Chest_Press_(rack)_record0001,512,7,19,18,0.88,1.103228288286063,1.16949898444121,0.10756561799240645,0.15700763468360984,1.0600697941294661,1.4596451692834946,first
singleonly_subject035_Chest_Press_(rack)_record0001,512,8,19,18,0.94,0.7764064010786822,1.3512531733894029,0.1512349393367425,0.1750807592955606,1.7403941692289897,1.1576740141094153,first
singleonly_subject035_Chest_Press_(rack)_record0001,512,9,19,18,0.96,1.3150756700454382,0.7682576632878952,0.1506449116929887,0.2143512440724629,0.5841927432672757,1.4228907014749124,first
singleonly_subject035_Chest_Press_(rack)_record0001,512,10,19,18,0.84,1.005556493457205,1.3753958874951762,0.12315027601662108,0.2088952866231507,1.3677957394183056,1.6962632434129257,first
singleonly_subject035_Chest_Press_(rack)_record0001,512,11,19,18,0.9,0.9777568687513181,1.2444653534709043,0.13981309949542312,0.18609897989554255,1.2727758742929585,1.3310553915703345,first
singleonly_subject035_Chest_Press_(rack)_record0001,512,12,19,18,1.14,0.4848519598945918,1.2695340050176889,0.1481816876794945,0.17944093776079864,2.6183951185712218,1.210952180197296,first
singleonly_subject035_Chest_Press_(rack)_record0001,512,13,19,18,0.76,1.2109561578658938,1.4206227895025272,0.1282154392564932,0.21110606030093831,1.1731413893679978,1.646494849022227,first
singleonly_subject035_Chest_Press_(rack)_record0001,512,14,19,18,1.02,0.7878002520578382,1.1729840616676521,0.18356568659807115,0.23361615959283377,1.4889358801341621,1.2726570195243043,first
singleonly_subject035_Chest_Press_(rack)_record0001,512,15,19,18,1.04,0.6792390394296132,1.2438378836473098,0.17290907353976856,0.14038229556695558,1.83122260565561,0.8118850716915563,second
singleonly_subject035_Chest_Press_(rack)_record0001,512,16,19,18,0.84,1.1123197765547572,1.2686326043976237,0.1703728465080402,0.14751719145822867,1.1405286781172064,0.8658491918268624,second
singleonly_subject035_Chest_Press_(rack)_record0001,512,17,19,18,1.02,1.0140246048694506,0.9467597088560394,0.16932683094260242,0.19737050557983837,0.9336654202566701,1.165618611540318,first
singleonly_subject035_Chest_Press_(rack)_record0001,512,18,19,18,1.04,0.6430584469953757,1.2800184760815474,0.19479544731719384,0.20220154859253547,1.9905165417891666,1.038019888951932,first
singleonly_subject052_Chest_Press_(rack)_record0001,526,1,10,8,1.12,0.6095365310494567,1.1761777546648289,0.16865627261628532,0.07820543116021453,1.929626355027105,0.46369713943662166,second
singleonly_subject052_Chest_Press_(rack)_record0001,526,2,10,8,0.78,0.5074859136353934,2.056616650467171,0.156329665768224,0.07841713858227924,4.052559086289754,0.5016139335866124,second
singleonly_subject052_Chest_Press_(rack)_record0001,526,3,10,8,1.76,0.8958091946775161,0.24055444168612028,0.15699825937436995,0.1296520556064491,0.2685331241467307,0.8258184270520318,second
singleonly_subject052_Chest_Press_(rack)_record0001,526,4,10,8,0.72,0.6778751502240679,2.09990262755371,0.1733689023788702,0.06869516541392572,3.09777195234196,0.39623695179083124,second
singleonly_subject052_Chest_Press_(rack)_record0001,526,5,10,8,0.82,0.5596992855189782,1.8793251047249244,0.1320067464417741,0.06530336389881265,3.357740760705689,0.4946971700996876,second
singleonly_subject052_Chest_Press_(rack)_record0001,526,6,10,8,0.5,1.7431742063220013,2.256825793677999,0.12805182493692008,0.0725883928791074,1.2946645180344731,0.5668673048186962,second
singleonly_subject052_Chest_Press_(rack)_record0001,526,7,10,8,0.84,0.7732071895471531,1.6077451914052279,0.1262167632660922,0.10731808495760545,2.0793200233262725,0.8502680799328987,second
singleonly_subject052_Chest_Press_(rack)_record0001,526,8,10,8,1.38,0.41212764891222603,1.0371477134066147,0.11282221785025491,0.07452003853306112,2.516569116738644,0.6605085412517686,second
singleonly_subject052_Chest_Press_(rack)_record0002,526,1,10,7,1.54,1.1513788781281982,0.14732242057310052,0.20166140103683922,0.1223099841877351,0.12795303385502715,0.606511625719548,second
singleonly_subject052_Chest_Press_(rack)_record0002,526,2,10,7,1.74,1.0744928457435672,0.07493244161275464,0.1442474187087298,0.1211740337366504,0.06973749700576194,0.8400429957178636,second
singleonly_subject052_Chest_Press_(rack)_record0002,526,3,10,7,1.82,0.7569893458999462,0.34191175300115273,0.13928178504492736,0.11579491746866363,0.4516731376115621,0.8313715783532808,second
singleonly_subject052_Chest_Press_(rack)_record0002,526,4,10,7,1.72,1.0025319874147305,0.16025871025968821,0.155552613298423,0.11795688874097343,0.1598539620396091,0.7583086277996288,second
singleonly_subject052_Chest_Press_(rack)_record0002,526,5,10,7,1.88,0.9096703347429881,0.1541594524910545,0.12488709581896862,0.11652634984976126,0.16946738461533942,0.9330535639860922,second
singleonly_subject052_Chest_Press_(rack)_record0002,526,6,10,7,1.82,0.9533775528461691,0.14552354605492976,0.13737709885398,0.10229216926990153,0.15263999621187904,0.7446086001468795,second
singleonly_subject052_Chest_Press_(rack)_record0002,526,7,10,7,2.32,0.60148346306205,0.2605855024551914,0.14817930977951269,0.0968669189221702,0.43323801643455817,0.6537141998184894,second
singleonly_subject052_Chest_Press_(rack)_record0003,526,1,10,9,1.8,0.9816787949228769,0.12943231618823417,0.17417057487565749,0.10792234526955305,0.13184792913694615,0.6196359249924974,second
singleonly_subject052_Chest_Press_(rack)_record0003,526,2,10,9,1.8,1.019794245152583,0.09131686595852814,0.11369103990565335,0.11933559962633815,0.08954440211109957,1.0496482372346048,first
singleonly_subject052_Chest_Press_(rack)_record0003,526,3,10,9,1.7,0.972881629730814,0.20358895850448014,0.11514152681130364,0.12379174977397596,0.2092638531583858,1.0751268738762556,first
singleonly_subject052_Chest_Press_(rack)_record0003,526,4,10,9,1.8,0.9986562448017382,0.11245486630937286,0.14778355185086037,0.10825058151958879,0.11260618145105412,0.7324941115830853,second
singleonly_subject052_Chest_Press_(rack)_record0003,526,5,10,9,0.94,0.6326211703453295,1.4950384041227558,0.15232137562808512,0.044766190620972764,2.3632443462280244,0.29389303002538497,second
singleonly_subject052_Chest_Press_(rack)_record0003,526,6,10,9,0.84,0.6834856503215905,1.6974667306307907,0.13391362240176258,0.07123082903867596,2.4835440653832404,0.5319162289925361,second
singleonly_subject052_Chest_Press_(rack)_record0003,526,7,10,9,0.76,1.1748145935126753,1.4567643538557458,0.12527180539849012,0.03588113653993298,1.2399951123351691,0.2864262746576929,second
singleonly_subject052_Chest_Press_(rack)_record0003,526,8,10,9,1.3,0.6941305590297933,0.8443309794317452,0.1306854481467481,0.1115405324488637,1.216386410954002,0.8535038447709468,second
singleonly_subject052_Chest_Press_(rack)_record0003,526,9,10,9,0.28,2.3101904288627977,4.832666713994344,0.06966612626087856,0.059410205388212116,2.091891063877902,0.8527846828419722,second
singleonly_subject058_Chest_Press_(rack)_record0001,247,1,15,14,2.08,0.34560192577454785,0.6159365357639136,0.10928314575467314,0.07324027850626788,1.782213841498434,0.6701882344298823,second
singleonly_subject058_Chest_Press_(rack)_record0001,247,2,15,14,1.82,0.20079485071126796,0.8981062481898309,0.11186659133898817,0.06834274500181357,4.472755376985532,0.6109307898254919,second
singleonly_subject058_Chest_Press_(rack)_record0001,247,3,15,14,1.02,0.8340216387944246,1.1267626749310655,0.051219495709355335,0.07319158191205416,1.350999329657438,1.4289789639355153,first
singleonly_subject058_Chest_Press_(rack)_record0001,247,4,15,14,2.16,0.1360369258613935,0.7898890000645323,0.11230436720990848,0.056797927273901226,5.806430827974909,0.5057499426334866,second
singleonly_subject058_Chest_Press_(rack)_record0001,247,5,15,14,2.48,0.2101797608752921,0.5962718520279338,0.08953614800581726,0.07144794688268007,2.8369613208463265,0.7979787881654012,second
singleonly_subject058_Chest_Press_(rack)_record0001,247,6,15,14,2.56,0.2496372676103208,0.5316127323896792,0.10577522166146427,0.07033499093086384,2.129540743169473,0.6649477053895704,second
singleonly_subject058_Chest_Press_(rack)_record0001,247,7,15,14,2.36,0.17186653752040668,0.6755910895982374,0.10353751662580761,0.053992616306505335,3.930905337043988,0.5214787650513072,second
singleonly_subject058_Chest_Press_(rack)_record0001,247,8,15,14,2.62,0.23072756762577373,0.5326312110001804,0.09796074927633328,0.0671601115219686,2.308485355612452,0.6855818480166942,second
singleonly_subject058_Chest_Press_(rack)_record0001,247,9,15,14,2.42,0.18855297366821325,0.6378933073235223,0.0973910937828551,0.08201095049636739,3.383098632249575,0.8420785444634235,second
singleonly_subject058_Chest_Press_(rack)_record0001,247,10,15,14,1.96,0.251255860054787,0.7691523032105191,0.0966936123177772,0.07069839470561164,3.0612313004074947,0.7311588946875416,second
singleonly_subject058_Chest_Press_(rack)_record0001,247,11,15,14,2.0,0.2336604995344341,0.7663395004655659,0.10509819897940717,0.07828624796821132,3.2797135245045212,0.744886674828278,second
singleonly_subject058_Chest_Press_(rack)_record0001,247,12,15,14,3.48,0.43840204451365083,0.1363105991645101,0.06157018470480499,0.08034672586403772,0.310926011569423,1.3049615856969712,first
singleonly_subject058_Chest_Press_(rack)_record0001,247,13,15,14,0.76,0.7546370227658201,1.8769419246026007,0.05905805690398845,0.043170977375387824,2.487211557317213,0.730992173439968,second
singleonly_subject058_Chest_Press_(rack)_record0001,247,14,15,14,2.8,0.2745040979606275,0.43978161632508683,0.0898452951192394,0.0752289987331038,1.6020949034726806,0.8373170641073928,second
singleonly_subject059_Chest_Press_(rack)_record0001,248,1,16,23,1.5,1.0513166533834768,0.28201667994985646,0.14105898319828555,0.08142515417948216,0.2682509394693175,0.5772418908267858,second
singleonly_subject059_Chest_Press_(rack)_record0001,248,2,16,23,0.92,1.7541408729738486,0.4197721705044122,0.2529368225299496,0.08330632283550804,0.23930356847153308,0.329356247944658,second
singleonly_subject059_Chest_Press_(rack)_record0001,248,3,16,23,0.92,1.2989399476819352,0.8749730957963255,0.14050097111203255,0.11573552359270985,0.6736055022080017,0.8237346879291301,second
singleonly_subject059_Chest_Press_(rack)_record0001,248,4,16,23,0.74,1.7660398332901444,0.9366628694125583,0.067119763332003,0.09188625208613847,0.530374712821482,1.3689895125468463,first
singleonly_subject059_Chest_Press_(rack)_record0001,248,5,16,23,0.9,1.5674283889300944,0.6547938332921278,0.07019736564037964,0.06084320850487526,0.41775039798729263,0.8667448977583344,second
singleonly_subject059_Chest_Press_(rack)_record0001,248,6,16,23,0.62,1.4940017413994653,1.7318047102134382,0.1378602251091649,0.08053023575494594,1.159171815014899,0.5841440900823853,second
singleonly_subject059_Chest_Press_(rack)_record0001,248,7,16,23,3.72,0.5300038500133819,0.007630558588768596,0.09885391047955219,0.1167197669812328,0.01439717577254568,1.180729891362023,first
singleonly_subject059_Chest_Press_(rack)_record0001,248,8,16,23,0.56,1.8959306995479004,1.6754978718806706,0.1365432031124206,0.06788289100989202,0.8837337104569308,0.4971532047186688,second
singleonly_subject059_Chest_Press_(rack)_record0001,248,9,16,23,0.6,2.692278029831214,0.6410553035021194,0.07782395893067294,0.06801435521558759,0.23810887894899505,0.873951366007685,second
singleonly_subject059_Chest_Press_(rack)_record0001,248,10,16,23,0.96,0.7885290249006279,1.2948043084327054,0.1532851770770146,0.07523105977196119,1.6420502829250698,0.4907914855600361,second
singleonly_subject059_Chest_Press_(rack)_record0001,248,11,16,23,1.06,1.164556813117028,0.7222356397131604,0.13496585926612856,0.08271221178678483,0.6201806829673168,0.6128380335332888,second
singleonly_subject059_Chest_Press_(rack)_record0001,248,12,16,23,0.62,1.3445900503630783,1.881216401249825,0.12899784420229263,0.06197080655528218,1.399100343440621,0.480401877554639,second
singleonly_subject059_Chest_Press_(rack)_record0001,248,13,16,23,0.74,1.4883768546530667,1.2143258480496362,0.14241966185951518,0.09143300345107255,0.8158725690024853,0.6419970547413839,second
singleonly_subject059_Chest_Press_(rack)_record0001,248,14,16,23,0.6,1.740168985519806,1.5931643478135276,0.13452047823734506,0.05422682770680821,0.915522780299198,0.40311206455222043,second
singleonly_subject059_Chest_Press_(rack)_record0001,248,15,16,23,0.96,1.6468109735591916,0.43652235977414183,0.10892881442687011,0.08659573620673103,0.26507132074223566,0.7949754769879324,second
singleonly_subject059_Chest_Press_(rack)_record0001,248,16,16,23,0.66,2.0495859163940677,0.9807171139089623,0.12019005974484505,0.07758409206292485,0.47849524436349744,0.6455117189194378,second
singleonly_subject059_Chest_Press_(rack)_record0001,248,17,16,23,1.4,1.3272351459880103,0.10133628258341838,0.09389719675442451,0.14005436801809742,0.07635141586608785,1.4915713446099013,first
singleonly_subject059_Chest_Press_(rack)_record0001,248,18,16,23,3.04,0.3738177784000778,0.28407695844202746,0.10156315417829477,0.13178670196971548,0.7599343178857444,1.297583784552054,first
singleonly_subject059_Chest_Press_(rack)_record0001,248,19,16,23,0.86,1.7085198275134919,0.6170615678353453,0.09346093880783012,0.09262466966883198,0.3611673437430286,0.9910522069469296,second
singleonly_subject059_Chest_Press_(rack)_record0001,248,20,16,23,1.1,0.8350760961389578,0.9831057220428603,0.1260684791998928,0.08227208807500783,1.1772648344124919,0.6525984020522537,second
singleonly_subject059_Chest_Press_(rack)_record0001,248,21,16,23,0.56,2.195942127675703,1.375486443752868,0.08775900220317136,0.040335510011705884,0.6263764542869592,0.4596167800349977,second
singleonly_subject059_Chest_Press_(rack)_record0001,248,22,16,23,0.6,1.5973599701661787,1.7359733631671546,0.10120780408712618,0.0374534409830101,1.0867765535570266,0.37006475262290817,second
singleonly_subject059_Chest_Press_(rack)_record0001,248,23,16,23,1.88,0.8659947827598656,0.19783500447417693,0.09364575563136135,0.10554587266676899,0.22844826367624343,1.1270758824591338,first
singleonly_subject059_Chest_Press_(rack)_record0002,248,1,16,14,1.56,0.45741079826308173,0.8246404837882002,0.08776581574311386,0.08405283903146776,1.8028443729784989,0.957694500071488,second
singleonly_subject059_Chest_Press_(rack)_record0002,248,2,16,14,0.8,1.271278823765684,1.2287211762343158,0.030027750812395667,0.10262118861717011,0.9665237501515936,3.4175449655992005,first
singleonly_subject059_Chest_Press_(rack)_record0002,248,3,16,14,0.68,2.476930878352351,0.4642455922358839,0.04646219515501454,0.14528274412947367,0.18742775436054923,3.1269022835610403,first
singleonly_subject059_Chest_Press_(rack)_record0002,248,4,16,14,0.42,0.9976550167755474,3.7642497451292143,0.06612156379693766,0.05870715793074709,3.7730975956953423,0.8878670521320314,second
singleonly_subject059_Chest_Press_(rack)_record0002,248,5,16,14,1.82,0.2617091493802033,0.8371919495208956,0.09287775193604245,0.0755232380033265,3.1989403179200586,0.8131467055246274,second
singleonly_subject059_Chest_Press_(rack)_record0002,248,6,16,14,0.96,0.9903583339598505,1.092974999373483,0.05779829797910573,0.10852411710081387,1.1036156933251926,1.8776351708495929,first
singleonly_subject059_Chest_Press_(rack)_record0002,248,7,16,14,1.76,0.30202549478981194,0.8343381415738245,0.09986800367542281,0.08609763996922298,2.762475870305134,0.8621143589597088,second
singleonly_subject059_Chest_Press_(rack)_record0002,248,8,16,14,1.74,0.5523269162336935,0.5970983711226283,0.10655103451643574,0.09114151332295406,1.081059701370758,0.8553789621713647,second
singleonly_subject059_Chest_Press_(rack)_record0002,248,9,16,14,1.72,0.5299340328728571,0.6328566648015616,0.10476168558113803,0.08325059091379251,1.1942178187174437,0.7946663940350105,second
singleonly_subject059_Chest_Press_(rack)_record0002,248,10,16,14,1.44,0.5129745761006784,0.8759143127882105,0.10625989367159555,0.044606527515194366,1.7075199310000504,0.4197870520466951,second
singleonly_subject059_Chest_Press_(rack)_record0002,248,11,16,14,2.02,0.37657714475313164,0.6135218651478584,0.08827687173131053,0.08561102396006602,1.6292063225187443,0.9698012886165859,second
singleonly_subject059_Chest_Press_(rack)_record0002,248,12,16,14,1.46,0.8037962903375052,0.566066723361125,0.09929160243643004,0.05060402730037972,0.7042415225920485,0.5096506256183969,second
singleonly_subject059_Chest_Press_(rack)_record0002,248,13,16,14,1.78,0.49386544470196203,0.6297300609160156,0.1109958032619859,0.08197026201733669,1.2751045202120694,0.7384987504785242,second
singleonly_subject059_Chest_Press_(rack)_record0002,248,14,16,14,1.52,0.4767652112437243,0.8390242624404862,0.09416070504440638,0.04616988574642244,1.7598269392427914,0.49033071411953244,second
singleonly_subject069_Chest_Press_(rack)_record0001,543,1,9,10,2.74,0.5990089872619765,0.13091802003729353,0.1301041225146363,0.0771786087733184,0.21855768915206034,0.5932064817134143,second
singleonly_subject069_Chest_Press_(rack)_record0001,543,2,9,10,1.76,1.0392945652527117,0.09706907111092461,0.12774211690443965,0.08287422641557105,0.09339899808609274,0.648761962177024,second
singleonly_subject069_Chest_Press_(rack)_record0001,543,3,9,10,2.26,0.5250053553045573,0.3599503969078322,0.1261987821415692,0.0840555375520337,0.6856128099855741,0.6660566459170785,second
singleonly_subject069_Chest_Press_(rack)_record0001,543,4,9,10,2.18,0.5310128297877569,0.3864183628727936,0.10741367539340202,0.08357719382395763,0.7277006151193052,0.7780870873085443,second
singleonly_subject069_Chest_Press_(rack)_record0001,543,5,9,10,2.38,0.5357713319883028,0.30456480246547873,0.10507810532417552,0.08793840713126051,0.5684604313097665,0.8368861130485986,second
singleonly_subject069_Chest_Press_(rack)_record0001,543,6,9,10,2.36,0.5375126651543655,0.3099449619642786,0.10226155607264531,0.06236134063859379,0.5766282025657333,0.6098219412414679,second
singleonly_subject069_Chest_Press_(rack)_record0001,543,7,9,10,2.38,0.4045205282789798,0.43581560617480175,0.09996345288793418,0.06173893697233411,1.0773633863007297,0.6176150902024928,second
singleonly_subject069_Chest_Press_(rack)_record0001,543,8,9,10,2.68,0.515345465301967,0.2309231914144509,0.09325224337074535,0.045700126349181316,0.448093962133035,0.4900699939999314,second
singleonly_subject069_Chest_Press_(rack)_record0001,543,9,9,10,3.88,0.2599331848361151,0.25553073268965815,0.08144651992990976,0.06770742350608189,0.983063139286226,0.8313114368096846,second
singleonly_subject069_Chest_Press_(rack)_record0001,543,10,9,10,0.62,2.7051764981933837,0.5206299534195198,0.09661097727980031,0.06597059746494466,0.19245692610711929,0.6828478431998842,second
singleonly_subject069_Chest_Press_(rack)_record0002,543,1,13,10,1.78,0.9028988791649122,0.22069662645306531,0.13166938495296698,0.15632600197543597,0.24443116670738013,1.1872615796851824,first
singleonly_subject069_Chest_Press_(rack)_record0002,543,2,13,10,1.98,0.5450258428796821,0.465075167221328,0.10550283942979526,0.14520771910669936,0.85330846839128,1.3763394415874932,first
singleonly_subject069_Chest_Press_(rack)_record0002,543,3,13,10,1.94,0.6059566431401324,0.424971191911414,0.10708417755293359,0.15032938899222023,0.7013227707335093,1.4038431487033625,first
singleonly_subject069_Chest_Press_(rack)_record0002,543,4,13,10,2.0,0.642042039099475,0.357957960900525,0.11460284960385311,0.134654174552987,0.5575304093834651,1.1749635809095949,first
singleonly_subject069_Chest_Press_(rack)_record0002,543,5,13,10,1.92,0.6576316924309604,0.38403497423570626,0.09823738223526741,0.19022891792259858,0.583966646765618,1.936420877614815,first
singleonly_subject069_Chest_Press_(rack)_record0002,543,6,13,10,1.66,0.7301663783889986,0.4746528987194352,0.07084156962752207,0.17247544964984377,0.6500612911904885,2.4346644287626957,first
singleonly_subject069_Chest_Press_(rack)_record0002,543,7,13,10,1.92,0.6108041955617486,0.4308624711049181,0.10235353325700594,0.13987079247570955,0.7054019507980942,1.3665458145396814,first
singleonly_subject069_Chest_Press_(rack)_record0002,543,8,13,10,1.98,0.6231110535336064,0.3869899565674037,0.08388245119139336,0.13882771683630077,0.621060971993385,1.6550269438304754,first
singleonly_subject069_Chest_Press_(rack)_record0002,543,9,13,10,2.0,0.5829329827432844,0.4170670172567156,0.10225930129552402,0.14105288113398612,0.7154630628275602,1.3793648044430764,first
singleonly_subject069_Chest_Press_(rack)_record0002,543,10,13,10,1.98,0.7165246447648227,0.2935763653361875,0.09124281587788971,0.12829043245746133,0.40972263477768434,1.4060332446244586,first
singleonly_subject076_Chest_Press_(rack)_record0001,454,1,20,19,1.22,0.4828641342696355,1.1564801280254466,0.11207222350384931,0.15296756979591203,2.395042509783214,1.3649017126055154,first
singleonly_subject076_Chest_Press_(rack)_record0001,454,2,20,19,1.22,0.8537385134371457,0.7856057488579363,0.17815188058238293,0.14828410372613118,0.9201948096438718,0.8323465530725062,second
singleonly_subject076_Chest_Press_(rack)_record0001,454,3,20,19,1.06,1.0159173702571849,0.8708750825730036,0.17278786938248902,0.171412080032074,0.8572302315812722,0.9920376971176749,second
singleonly_subject076_Chest_Press_(rack)_record0001,454,4,20,19,0.98,0.9752972817830918,1.0655190447475205,0.17403790833327165,0.2051746349392166,1.0925069357308987,1.17890772708162,first
singleonly_subject076_Chest_Press_(rack)_record0001,454,5,20,19,1.1,1.000211698201031,0.8179701199807871,0.16681937795427695,0.2131064375142331,0.8177969938283851,1.2774681222743969,first
singleonly_subject076_Chest_Press_(rack)_record0001,454,6,20,19,1.04,1.107944327323743,0.8151325957531799,0.173758037453684,0.21397423512941263,0.7357162049127013,1.2314494239522498,first
singleonly_subject076_Chest_Press_(rack)_record0001,454,7,20,19,1.06,1.147099737455622,0.7396927153745666,0.16792773535523456,0.1745215052779465,0.6448373155548588,1.039265520426173,first
singleonly_subject076_Chest_Press_(rack)_record0001,454,8,20,19,1.1,1.116830621853873,0.701351196327945,0.17742372386913405,0.1910994155360333,0.6279834941879936,1.0770792731020926,first
singleonly_subject076_Chest_Press_(rack)_record0001,454,9,20,19,1.06,1.052800018710305,0.8339924341198836,0.15192027864267565,0.1875559987817185,0.792166051765022,1.2345685543590919,first
singleonly_subject076_Chest_Press_(rack)_record0001,454,10,20,19,1.12,0.9847714244809429,0.8009428612333426,0.18420721666022602,0.15168970612570026,0.8133286987439817,0.8234731997796537,second
singleonly_subject076_Chest_Press_(rack)_record0001,454,11,20,19,1.18,0.9961139539619855,0.6988013002753027,0.1768297363463204,0.2506020504452105,0.7015274683141031,1.4171940513127683,first
singleonly_subject076_Chest_Press_(rack)_record0001,454,12,20,19,1.02,1.0400699937498892,0.9207143199756009,0.19430814181506378,0.24412270524960886,0.8852426524257652,1.256368894114365,first
singleonly_subject076_Chest_Press_(rack)_record0001,454,13,20,19,1.08,0.9794028573621463,0.8724489944897055,0.17456298017683364,0.16819814795309043,0.8907968645706194,0.9635384763865994,second
singleonly_subject076_Chest_Press_(rack)_record0001,454,14,20,19,1.2,1.130593915996487,0.5360727506701798,0.17904688346440573,0.14525158424634807,0.47415145534167674,0.8112488831743552,second
singleonly_subject076_Chest_Press_(rack)_record0001,454,15,20,19,1.16,0.8881201437970397,0.8360177872374431,0.156092572221727,0.16677664643266765,0.9413341123681308,1.0684470379267252,first
singleonly_subject076_Chest_Press_(rack)_record0001,454,16,20,19,1.14,0.9447356433588412,0.8096503215534396,0.16556295164674964,0.16517693376530035,0.8570125698601468,0.997668452527514,second
singleonly_subject076_Chest_Press_(rack)_record0001,454,17,20,19,1.06,1.0414340074538586,0.84535844537633,0.1277678495478708,0.1838846474831429,0.811725408740106,1.439209066551964,first
singleonly_subject076_Chest_Press_(rack)_record0001,454,18,20,19,1.04,0.9762936735524043,0.9467832495245188,0.134722778467131,0.18652443443680827,0.9697730049601704,1.38450554953716,first
singleonly_subject076_Chest_Press_(rack)_record0001,454,19,20,19,1.06,0.8047386681873195,1.082053784642869,0.12960451433652026,0.19429285900267695,1.3446026982650208,1.499121076123879,first
singleonly_subject080_Chest_Press_(rack)_record0001,560,1,15,14,1.66,0.7828300679993879,0.42198920910904586,0.06903985216287015,0.15092261018835304,0.5390559539792432,2.1860216304101487,first
singleonly_subject080_Chest_Press_(rack)_record0001,560,2,15,14,1.58,1.1224826864980413,0.14334009831208513,0.09799155426342109,0.14035933581257024,0.12769916189913122,1.43236156286751,first
singleonly_subject080_Chest_Press_(rack)_record0001,560,3,15,14,1.48,1.033942779974288,0.31740857137706346,0.08126287608582976,0.1606798031507146,0.30698852733896625,1.977284227314386,first
singleonly_subject080_Chest_Press_(rack)_record0001,560,4,15,14,1.12,1.2326034832167319,0.5531108024975536,0.07136015816522435,0.14141412553804888,0.44873376558542366,1.9816957974031457,first
singleonly_subject080_Chest_Press_(rack)_record0001,560,5,15,14,1.3,0.9902646625006278,0.5481968759609106,0.08063831518686038,0.13283275822710028,0.5535862246933032,1.6472660412025169,first
singleonly_subject080_Chest_Press_(rack)_record0001,560,6,15,14,1.44,1.1768332839969566,0.21205560489193226,0.0848069662652929,0.16653233454609004,0.1801917126032617,1.9636633861556148,first
singleonly_subject080_Chest_Press_(rack)_record0001,560,7,15,14,1.52,0.973214449822843,0.3425750238613675,0.09194389927793574,0.15726079165286527,0.3520036348861522,1.7103994162514704,first
singleonly_subject080_Chest_Press_(rack)_record0001,560,8,15,14,1.44,1.2261538111463288,0.16273507774256005,0.08263670019219198,0.15595297775668515,0.13271995426937452,1.887212066720696,first
singleonly_subject080_Chest_Press_(rack)_record0001,560,9,15,14,0.74,1.2210950229265065,1.4816076797761961,0.07044978941713134,0.07790202987715796,1.2133434761083037,1.1057808763047126,first
singleonly_subject080_Chest_Press_(rack)_record0001,560,10,15,14,1.02,1.5651202962922979,0.3956640174331923,0.08666795752599095,0.1469111963432684,0.25280102645815994,1.6951039407985478,first
singleonly_subject080_Chest_Press_(rack)_record0001,560,11,15,14,1.14,1.0766288973060851,0.6777570676061956,0.07361554230721055,0.15599461273713888,0.6295178118496196,2.1190445366298607,first
singleonly_subject080_Chest_Press_(rack)_record0001,560,12,15,14,1.34,0.7063550968323826,0.7861822166004532,0.0660907747526088,0.15301352185542663,1.113012732726148,2.315202423154931,first
singleonly_subject080_Chest_Press_(rack)_record0001,560,13,15,14,1.4,1.13510232182811,0.29346910674331866,0.08369605745391709,0.1445279028391424,0.25853978192087523,1.7268185292804172,first
singleonly_subject080_Chest_Press_(rack)_record0001,560,14,15,14,0.68,2.2746331756208615,0.6665432949673735,0.08965972917374314,0.08211555192056032,0.29303331284853895,0.9158576841274674,second
singleonly_subject081_Chest_Press_(rack)_record0001,536,1,21,20,1.92,0.4046816137023802,0.6369850529642865,0.06355374496655465,0.11322895986443392,1.574040014164696,1.78162529877698,first
singleonly_subject081_Chest_Press_(rack)_record0001,536,2,21,20,1.46,0.7141897117438281,0.6556733019548021,0.08722920824313574,0.13059352422530085,0.9180660140760819,1.497130684269137,first
singleonly_subject081_Chest_Press_(rack)_record0001,536,3,21,20,1.36,0.7230844231758993,0.7475038121182183,0.10681070045803179,0.13490587303179605,1.0337711450553246,1.263037059520113,first
singleonly_subject081_Chest_Press_(rack)_record0001,536,4,21,20,1.56,0.8290233977622594,0.45302788428902263,0.12434551537391762,0.13190021915266043,0.5464597085098656,1.0607557398111638,first
singleonly_subject081_Chest_Press_(rack)_record0001,536,5,21,20,1.68,0.5701513533870555,0.620324837089135,0.07064876368962504,0.11174861606877158,1.0880002887023204,1.5817490672548338,first
singleonly_subject081_Chest_Press_(rack)_record0001,536,6,21,20,1.54,0.5738550163738082,0.7248462823274904,0.0943387899346219,0.11465442108897164,1.2631174454268894,1.2153475910431835,first
singleonly_subject081_Chest_Press_(rack)_record0001,536,7,21,20,1.48,0.5099466091432583,0.8414047422080931,0.05971025729926202,0.12813389440641665,1.64998595367014,2.145927688172938,first
singleonly_subject081_Chest_Press_(rack)_record0001,536,8,21,20,1.44,0.44583513192448515,0.9430537569644037,0.07968441773723864,0.1292833081191356,2.115252229885142,1.6224415235793095,first
singleonly_subject081_Chest_Press_(rack)_record0001,536,9,21,20,1.32,0.4642782178903369,1.0508732972611783,0.06905786040011765,0.14411692035762275,2.2634559554318696,2.0869010351988435,first
singleonly_subject081_Chest_Press_(rack)_record0001,536,10,21,20,1.2,0.6828708554938949,0.9837958111727718,0.09625561673036512,0.12248366819241038,1.4406762322009323,1.2724833350298537,first
singleonly_subject081_Chest_Press_(rack)_record0001,536,11,21,20,1.26,0.5691394531290417,1.0181621341725455,0.07828354024869837,0.12222943012485926,1.7889501923910665,1.5613681974084148,first
singleonly_subject081_Chest_Press_(rack)_record0001,536,12,21,20,1.22,0.613445251979324,1.025899010315758,0.08669961649815976,0.13010761779738622,1.6723562648918107,1.500671203085977,first
singleonly_subject081_Chest_Press_(rack)_record0001,536,13,21,20,1.28,0.7261631519860531,0.8363368480139469,0.08143950174056043,0.11632719778917772,1.1517203065544834,1.4283878867500694,first
singleonly_subject081_Chest_Press_(rack)_record0001,536,14,21,20,1.22,0.658583323418036,0.9807609388770459,0.07052570481178458,0.1098152396558719,1.489197955676912,1.5570952456120961,first
singleonly_subject081_Chest_Press_(rack)_record0001,536,15,21,20,1.12,0.7452052887069693,1.0405089970073162,0.08583811540142845,0.13215109061524025,1.396271621760412,1.539538583730848,first
singleonly_subject081_Chest_Press_(rack)_record0001,536,16,21,20,1.14,0.6522978523375849,1.102088112574696,0.07290856424101318,0.13172846152611417,1.689547357277409,1.8067625236818625,first
singleonly_subject081_Chest_Press_(rack)_record0001,536,17,21,20,1.02,0.7308313150515433,1.229952998673947,0.11690346253094541,0.1623036688818481,1.6829505979600807,1.3883563871248454,first
singleonly_subject081_Chest_Press_(rack)_record0001,536,18,21,20,1.06,0.71771374311065,1.1690787097195385,0.10736441215265372,0.15169230440605533,1.6288927458078528,1.4128732357829612,first
singleonly_subject081_Chest_Press_(rack)_record0001,536,19,21,20,1.04,0.7846701327142238,1.138406790362699,0.0894598112660683,0.15799144768537512,1.4508093820582642,1.766060596925276,first
singleonly_subject081_Chest_Press_(rack)_record0001,536,20,21,20,1.08,0.6704927529564092,1.1813590988954425,0.10873942434357904,0.14334308410939967,1.7619267228265574,1.3182255191685124,first
singleonly_subject083_Chest_Press_(rack)_record0001,509,1,15,14,1.84,0.840727515421555,0.2462290063175754,0.06528883310943419,0.1030819174061907,0.2928761124156999,1.5788598523948107,first
singleonly_subject083_Chest_Press_(rack)_record0001,509,2,15,14,2.76,0.5172946478015967,0.20734303335782361,0.19164692840884762,0.08499717633401731,0.40082191887929214,0.4435092022591128,second
singleonly_subject083_Chest_Press_(rack)_record0001,509,3,15,14,1.72,0.9559859719770649,0.20680472569735373,0.07244298280299565,0.07946312764985562,0.21632610912654185,1.0969057950850924,first
singleonly_subject083_Chest_Press_(rack)_record0001,509,4,15,14,2.48,0.5604475338398042,0.2460040790634217,0.0773208719875516,0.07374391462749016,0.4389422099477708,0.9537387865900256,second
singleonly_subject083_Chest_Press_(rack)_record0001,509,5,15,14,1.48,0.6799208669740905,0.6714304843772608,0.047199937165391594,0.06053979406025172,0.9875126900655143,1.2826244629969827,first
singleonly_subject083_Chest_Press_(rack)_record0001,509,6,15,14,1.26,0.7839901001773665,0.8033114871242207,0.07524578657043704,0.08415385172400025,1.0246449374073512,1.1183862321011746,first
singleonly_subject083_Chest_Press_(rack)_record0001,509,7,15,14,2.1,0.8227179524205673,0.129662999960385,0.05702366066036936,0.0840653853838248,0.1576032218318511,1.474219375085631,first
singleonly_subject083_Chest_Press_(rack)_record0001,509,8,15,14,1.94,0.8234087553878622,0.20751907966368424,0.059695168276786774,0.08050635723058158,0.25202437830034186,1.3486243452284146,first
singleonly_subject083_Chest_Press_(rack)_record0001,509,9,15,14,2.26,0.6286207894486601,0.25633496276372936,0.04514500389525134,0.06047565941789805,0.40777360066082324,1.3395869797290967,first
singleonly_subject083_Chest_Press_(rack)_record0001,509,10,15,14,2.08,0.7956174192556082,0.16592104228285323,0.06467759182845556,0.06394381249804591,0.20854375264695874,0.9886548136740179,second
singleonly_subject083_Chest_Press_(rack)_record0001,509,11,15,14,2.44,0.6383127888033817,0.1813593423441593,0.038124795369428685,0.07540874978422082,0.2841229966332745,1.9779450369113116,first
singleonly_subject083_Chest_Press_(rack)_record0001,509,12,15,14,2.18,0.6078352693084013,0.3095959233521492,0.045139045736614244,0.07829667632524255,0.5093418216820642,1.7345664944292942,first
singleonly_subject083_Chest_Press_(rack)_record0001,509,13,15,14,2.62,0.6696694329103536,0.09368934571560053,0.04994437492715168,0.056938977997118216,0.13990387064320794,1.1400478648530248,first
singleonly_subject083_Chest_Press_(rack)_record0001,509,14,15,14,2.56,0.6652669649674748,0.1159830350325252,0.042374300333912686,0.051076870949535225,0.17434058977841424,1.2053737889958211,first
singleonly_subject086_Chest_Press_(rack)_record0001,570,1,20,15,0.6,2.584796004230304,0.7485373291030295,0.2958472452029877,0.3041192383440626,0.28959241962536525,1.0279603520911587,first
singleonly_subject086_Chest_Press_(rack)_record0001,570,2,20,15,2.42,0.6817547748529383,0.14469150613879728,0.10519067667947817,0.11213330602422937,0.21223394609888688,1.0660004247896018,first
singleonly_subject086_Chest_Press_(rack)_record0001,570,3,20,15,2.5,0.5734991264048455,0.2265008735951545,0.08638052624112222,0.11401906673332682,0.3949454553053018,1.319962631566454,first
singleonly_subject086_Chest_Press_(rack)_record0001,570,4,20,15,2.5,0.6089193767080747,0.19108062329192527,0.10692563573407424,0.10833901447113692,0.31380282940730303,1.0132183337266076,first
singleonly_subject086_Chest_Press_(rack)_record0001,570,5,20,15,3.0,0.6234029741978377,0.04326369246882892,0.1043254141635378,0.17160120041672033,0.06939923975258278,1.644864789587346,first
singleonly_subject086_Chest_Press_(rack)_record0001,570,6,20,15,2.66,0.6714705734479773,0.0804091258001429,0.07562830146151177,0.10624310606177376,0.11975078131457781,1.4048061903894835,first
singleonly_subject086_Chest_Press_(rack)_record0001,570,7,20,15,2.6,0.5725852751351358,0.19664549409563337,0.0916489424679014,0.10309613776485615,0.3434344238929705,1.1249026446864234,first
singleonly_subject086_Chest_Press_(rack)_record0001,570,8,20,15,2.74,0.565529327906993,0.16439767939227704,0.09158054955867447,0.107919311660249,0.2906970006325011,1.178408648783075,first
singleonly_subject086_Chest_Press_(rack)_record0001,570,9,20,15,1.52,0.2620115554306871,1.0537779182535234,0.13670176483068158,0.06357099290957893,4.021875739493067,0.465034178514943,second
singleonly_subject086_Chest_Press_(rack)_record0001,570,10,20,15,2.94,0.4020459366258573,0.27822617221768015,0.0810871074296776,0.1511065168789381,0.6920258280749559,1.863508536298258,first
singleonly_subject086_Chest_Press_(rack)_record0001,570,11,20,15,0.28,6.6613510642018126,0.48150607865532963,0.06212632542392212,0.10372873738927206,0.07228354638790163,1.669642243951719,first
singleonly_subject086_Chest_Press_(rack)_record0001,570,12,20,15,1.92,0.22071439307024177,0.820952273596425,0.13332715705504952,0.068365773199682,3.719523055006019,0.5127670514376483,second
singleonly_subject086_Chest_Press_(rack)_record0001,570,13,20,15,0.32,4.625741010740223,1.6242589892597774,0.08550795695966402,0.10040574297258707,0.35113487449654246,1.1742268970354497,first
singleonly_subject086_Chest_Press_(rack)_record0001,570,14,20,15,2.04,0.2213899988365839,0.7590021580261612,0.12605125339317166,0.07905971614265851,3.4283488956807333,0.6272029354286552,second
singleonly_subject086_Chest_Press_(rack)_record0001,570,15,20,15,2.52,0.17679078213604954,0.6168600115147441,0.1013376949657276,0.06588823315445244,3.4892091321822356,0.6501848416498504,second
singleonly_subject086_Chest_Press_(rack)_record0002,570,1,21,11,3.1,0.6414839129179553,0.0036773774046253956,0.1412246767690472,0.11561422393703322,0.005732610484178621,0.8186545480723866,second
singleonly_subject086_Chest_Press_(rack)_record0002,570,2,21,11,2.96,0.6000713807194299,0.07560429495624582,0.11714292616550803,0.10224581541212682,0.12599216924093812,0.8728296172802318,second
singleonly_subject086_Chest_Press_(rack)_record0002,570,3,21,11,2.94,0.3268608758439075,0.35341123299962995,0.1141012125241694,0.16921750741644145,1.081228311853394,1.4830474074111797,first
singleonly_subject086_Chest_Press_(rack)_record0002,570,4,21,11,3.42,0.42854498507779065,0.15625033655963624,0.09765074231640813,0.11229855833997957,0.36460661540881933,1.1500020960015802,first
singleonly_subject086_Chest_Press_(rack)_record0002,570,5,21,11,3.26,0.5550022095157737,0.0584947229995637,0.1040946347316127,0.10698077879920746,0.10539547770557339,1.027726155868034,first
singleonly_subject086_Chest_Press_(rack)_record0002,570,6,21,11,3.48,0.3645024070534187,0.21021023662474222,0.14237363395175567,0.10652545335753771,0.5767046597141824,0.7482105387127692,second
singleonly_subject086_Chest_Press_(rack)_record0002,570,7,21,11,1.24,0.38816031884088253,1.224742906965569,0.06400448090577149,0.09555130728887717,3.155250157004391,1.4928846533346545,first
singleonly_subject086_Chest_Press_(rack)_record0002,570,8,21,11,2.94,0.45898190752120166,0.22129020132233573,0.08970369253391404,0.09061573068371598,0.48213273267664414,1.0101672308467917,first
singleonly_subject086_Chest_Press_(rack)_record0002,570,9,21,11,2.22,0.13047727600077905,0.7704236249001217,0.07852501188447189,0.06766384229711869,5.904657489136436,0.8616852219859267,second
singleonly_subject086_Chest_Press_(rack)_record0002,570,10,21,11,1.06,0.9697065574202643,0.9170858954099242,0.030304796005113006,0.12545526921062963,0.9457354788335883,4.13978266639587,first
singleonly_subject086_Chest_Press_(rack)_record0002,570,11,21,11,1.14,0.7195490230920795,1.0348369418202015,0.03484523337233716,0.05139735980459817,1.4381743406074712,1.4750183835876207,first
singleonly_subject087_Chest_Press_(rack)_record0001,576,1,20,18,1.74,0.7052750267131471,0.4441502606431747,0.1921647299138735,0.12345148088663517,0.6297546968493777,0.6424252824228723,second
singleonly_subject087_Chest_Press_(rack)_record0001,576,2,20,18,2.28,0.6838534880069244,0.19333949444921605,0.12635154826377085,0.09043531558870858,0.28272063803125386,0.71574362824519,second
singleonly_subject087_Chest_Press_(rack)_record0001,576,3,20,18,0.9,1.0978474347672784,1.1243747874549435,0.12440168841715486,0.1848452124205292,1.0241630593173343,1.4858738235182927,first
singleonly_subject087_Chest_Press_(rack)_record0001,576,4,20,18,2.44,0.5520052322865454,0.2676668988609956,0.12462315343407726,0.11574169747329087,0.484899206031529,0.928733500027469,second
singleonly_subject087_Chest_Press_(rack)_record0001,576,5,20,18,3.06,0.5045495747017923,0.14904519654003778,0.13152181654410697,0.19564032744394697,0.29540248176431244,1.4875123579086007,first
singleonly_subject087_Chest_Press_(rack)_record0001,576,6,20,18,3.72,0.5271586594965754,0.010475749105575173,0.2541550210812682,0.08382438365579352,0.019872099067061284,0.3298159654653841,second
singleonly_subject087_Chest_Press_(rack)_record0001,576,7,20,18,2.14,0.6724121841973132,0.26216725505502314,0.09120710780833415,0.08736141125689192,0.3898906968320083,0.9578355608038388,second
singleonly_subject087_Chest_Press_(rack)_record0001,576,8,20,18,2.3,0.6528184735105159,0.21674674388078852,0.09469051179187561,0.07129074948644544,0.3320168663659869,0.7528816577012327,second
singleonly_subject087_Chest_Press_(rack)_record0001,576,9,20,18,2.14,0.5929215373929627,0.34165790185937367,0.0918259013418613,0.09939900494472344,0.5762278485642824,1.0824724123825151,first
singleonly_subject087_Chest_Press_(rack)_record0001,576,10,20,18,2.02,0.6350007948560139,0.35509821504497624,0.0689992501554991,0.07935666399984159,0.5592090874870393,1.1501090783015855,first
singleonly_subject087_Chest_Press_(rack)_record0001,576,11,20,18,2.0,0.642951457307503,0.357048542692497,0.07545240171013902,0.09063773343964898,0.5553273713504193,1.2012571022967107,first
singleonly_subject087_Chest_Press_(rack)_record0001,576,12,20,18,1.98,0.65190804554109,0.3581929645599201,0.10743834994682497,0.07245425260890703,0.5494532043435918,0.674379796830156,second
singleonly_subject087_Chest_Press_(rack)_record0001,576,13,20,18,1.94,0.6043030122090366,0.4266248228425098,0.11647044748739671,0.09754022510210952,0.7059783158832484,0.8374675911901547,second
singleonly_subject087_Chest_Press_(rack)_record0001,576,14,20,18,2.12,0.9004785917407663,0.04291763467432805,0.22678944703594506,0.10229142060656088,0.04766091617054608,0.4510413599198386,second
singleonly_subject087_Chest_Press_(rack)_record0001,576,15,20,18,1.98,0.5622160681571139,0.4478849419438963,0.147708428627645,0.08845886274671688,0.79664201596375,0.5988748480271964,second
singleonly_subject087_Chest_Press_(rack)_record0001,576,16,20,18,2.18,0.8713235074532842,0.04610768520726617,0.22525781710370985,0.08701116346694483,0.05291683836469685,0.3862736689261463,second
singleonly_subject087_Chest_Press_(rack)_record0001,576,17,20,18,2.0,0.7111321034979122,0.2888678965020878,0.06775011238135643,0.10443561985682207,0.40620848796054365,1.5414826069803067,first
singleonly_subject087_Chest_Press_(rack)_record0001,576,18,20,18,1.96,0.6538630915921294,0.3665450716731767,0.08358418748932486,0.08299057952365729,0.5605838231068444,0.9928980829568586,second
singleonly_subject089_Chest_Press_(rack)_record0001,579,1,15,16,2.42,0.3382526043888917,0.48819367660284385,0.14933679488925392,0.11717898483562321,1.4432813532503173,0.7846625134985755,second
singleonly_subject089_Chest_Press_(rack)_record0001,579,2,15,16,1.94,0.40384036173353643,0.6270874733180101,0.18328643928113708,0.09345513899772663,1.5528103001546374,0.5098857251210978,second
singleonly_subject089_Chest_Press_(rack)_record0001,579,3,15,16,1.76,0.4150338055513002,0.7213298308123361,0.1589390612054391,0.08695682785701081,1.7380025944011355,0.5471079745753212,second
singleonly_subject089_Chest_Press_(rack)_record0001,579,4,15,16,2.0,0.22205660200722652,0.7779433979927735,0.15209724729082633,0.11732301706896725,3.5033563107817725,0.7713684445888294,second
singleonly_subject089_Chest_Press_(rack)_record0001,579,5,15,16,1.94,0.24810273444040218,0.7828251006111442,0.14630029892522492,0.08514894320499583,3.155245758886184,0.5820148272459514,second
singleonly_subject089_Chest_Press_(rack)_record0001,579,6,15,16,2.0,0.39665448114675145,0.6033455188532486,0.16387433426316095,0.08514376526274717,1.5210858506096823,0.5195674212535156,second
singleonly_subject089_Chest_Press_(rack)_record0001,579,7,15,16,1.64,0.4918076997285625,0.7277044953933889,0.13715322986088135,0.09832280196656763,1.4796525060405157,0.716882876665022,second
singleonly_subject089_Chest_Press_(rack)_record0001,579,8,15,16,1.98,0.38658375612731644,0.6235172539736937,0.14112949414213297,0.10490479574406747,1.612890464462108,0.7433229771121886,second
singleonly_subject089_Chest_Press_(rack)_record0001,579,9,15,16,1.84,0.4430123003817439,0.6439442213573864,0.1476816575935226,0.06945217335082686,1.453558334164761,0.470283002524161,second
singleonly_subject089_Chest_Press_(rack)_record0001,579,10,15,16,1.52,0.4776052473241128,0.8381842263600976,0.12464392479919628,0.1193416667148673,1.7549728171040977,0.9574607579721914,second
singleonly_subject089_Chest_Press_(rack)_record0001,579,11,15,16,1.74,0.36653359865042945,0.7828916887058923,0.15080789353913165,0.09528761932671158,2.1359343088559584,0.6318476910625791,second
singleonly_subject089_Chest_Press_(rack)_record0001,579,12,15,16,1.78,0.31927500318335594,0.8043205024346215,0.16104770289179038,0.06949370062042663,2.519209128228274,0.43151003940192906,second
singleonly_subject089_Chest_Press_(rack)_record0001,579,13,15,16,1.74,0.29913010058548606,0.8502951867708357,0.14923761574995617,0.06809509307352371,2.8425597594710683,0.45628639087624734,second
singleonly_subject089_Chest_Press_(rack)_record0001,579,14,15,16,1.62,0.37741187997566616,0.8571560212589017,0.1771528068951493,0.07946655077298294,2.2711421307516004,0.4485763006849588,second
singleonly_subject089_Chest_Press_(rack)_record0001,579,15,15,16,1.94,0.16184048670949694,0.8690873483420495,0.15251482575763875,0.058275490471502565,5.370024312285083,0.3820972169886495,second
singleonly_subject089_Chest_Press_(rack)_record0001,579,16,15,16,0.38,3.896474606606354,1.366683288130488,0.06684678238335343,0.16677747566303402,0.35074867055807785,2.4949215162907517,first
singleonly_subject089_Chest_Press_(rack)_record0002,579,1,11,11,1.04,1.3532080867314984,0.5698688363454246,0.06587477491259491,0.06619424826419314,0.4211243207405523,1.0048497069177407,first
singleonly_subject089_Chest_Press_(rack)_record0002,579,2,11,11,1.16,0.9376428930295652,0.7864950380049177,0.08170589159376035,0.08714145165720202,0.838800191258015,1.0665259255778903,first
singleonly_subject089_Chest_Press_(rack)_record0002,579,3,11,11,1.1,0.7674819544331212,1.0506998637486966,0.10785781567019792,0.09621568717274918,1.369022239128432,0.8920604091126095,second
singleonly_subject089_Chest_Press_(rack)_record0002,579,4,11,11,1.34,0.7567105098847533,0.7358268035480824,0.11070986120177631,0.1566498987500469,0.972401987201352,1.4149588577709598,first
singleonly_subject089_Chest_Press_(rack)_record0002,579,5,11,11,1.42,0.49515503426531443,0.9132956699600377,0.09773457208767371,0.1362680389495564,1.8444640703595772,1.3942664917723884,first
singleonly_subject089_Chest_Press_(rack)_record0002,579,6,11,11,1.48,0.6795659394436799,0.6717854119076715,0.10470011796365909,0.16141727052703628,0.9885507393993614,1.5417104934214443,first
singleonly_subject089_Chest_Press_(rack)_record0002,579,7,11,11,1.52,0.48959427071769396,0.8261952029665166,0.13994537868497994,0.12932312598849874,1.6875099493206913,0.9240971527870733,second
singleonly_subject089_Chest_Press_(rack)_record0002,579,8,11,11,1.46,0.5795302178323165,0.7903327958663137,0.10537109808132872,0.15857955138312352,1.3637473449141035,1.5049625017737487,first
singleonly_subject089_Chest_Press_(rack)_record0002,579,9,11,11,1.28,0.8097301781997969,0.752769821800203,0.057823560980672956,0.1303929097173248,0.9296551395352105,2.2550134842250125,first
singleonly_subject089_Chest_Press_(rack)_record0002,579,10,11,11,0.24,5.825023253157772,2.5083100801755616,0.13189266198569902,0.1763480534765027,0.430609453587296,1.3370573527102207,first
singleonly_subject089_Chest_Press_(rack)_record0002,579,11,11,11,0.5,3.147274915256749,0.852725084743251,0.1025831378939519,0.08659209162342246,0.27094076866611677,0.8441162300273889,second
singleonly_subject089_Chest_Press_(rack)_record0003,579,1,14,14,1.82,0.25755742915773877,0.8413436697433602,0.1531900622984261,0.12646561173753787,3.266625515306284,0.8255471003802652,second
singleonly_subject089_Chest_Press_(rack)_record0003,579,2,14,14,0.3,2.7430448774145924,3.923621789252074,0.1852904585963814,0.16570538465999252,1.4303892078317775,0.8943006883098547,second
singleonly_subject089_Chest_Press_(rack)_record0003,579,3,14,14,0.68,0.7654100716433767,2.175766398944859,0.17852874991588324,0.04764845206587148,2.8426153241926526,0.2668951196281934,second
singleonly_subject089_Chest_Press_(rack)_record0003,579,4,14,14,1.2,1.2653561863758722,0.40131048029079447,0.1360880897155565,0.17358201772496673,0.31715218577323634,1.2755121927846726,first
singleonly_subject089_Chest_Press_(rack)_record0003,579,5,14,14,0.7,1.2460523370174257,1.6110905201254315,0.19353683130002666,0.051040240768131406,1.2929557389072182,0.2637236562430191,second
singleonly_subject089_Chest_Press_(rack)_record0003,579,6,14,14,1.14,1.0217447077066437,0.7326412572056371,0.12233051814575895,0.18593161472449277,0.7170492312606017,1.5199119364715843,first
singleonly_subject089_Chest_Press_(rack)_record0003,579,7,14,14,1.28,0.24251333481470372,1.3199866651852963,0.20233423277277215,0.0968247973792032,5.4429446784600675,0.4785388811983218,second
singleonly_subject089_Chest_Press_(rack)_record0003,579,8,14,14,0.78,0.6515937338759025,1.9125088302266617,0.16606849139163782,0.05666136177169978,2.9351246502178663,0.3411927289570892,second
singleonly_subject089_Chest_Press_(rack)_record0003,579,9,14,14,1.08,0.544100336872576,1.3077515149792758,0.19486631208907632,0.06342604044694523,2.4035116803935024,0.32548489149808635,second
singleonly_subject089_Chest_Press_(rack)_record0003,579,10,14,14,0.7,1.0162105803579502,1.840932276784907,0.1456132188066441,0.04420717993824344,1.8115657447066302,0.3035931785626206,second
singleonly_subject089_Chest_Press_(rack)_record0003,579,11,14,14,1.7,0.6026564217980757,0.5738141664372185,0.17336055996292146,0.16261517669668024,0.9521414618385649,0.9380171402968503,second
singleonly_subject089_Chest_Press_(rack)_record0003,579,12,14,14,1.6,0.42521290876038637,0.8247870912396135,0.1781151304316124,0.14196965315810034,1.939703791317382,0.7970667781792397,second
singleonly_subject089_Chest_Press_(rack)_record0003,579,13,14,14,1.1,0.9145721315369749,0.9036096866448431,0.1569043451728737,0.10900835556859019,0.9880135808711895,0.6947440203041364,second
singleonly_subject089_Chest_Press_(rack)_record0003,579,14,14,14,1.82,0.5774803819346239,0.521420716966475,0.13660069034078406,0.06451067014589734,0.9029236893202452,0.4722572776532797,second
singleonly_subject089_Chest_Press_(rack)_record0004,579,1,9,8,2.36,0.6786199781772053,0.16883764894143877,0.1585829032424463,0.11649813539015454,0.2487955768631245,0.734619766747798,second
singleonly_subject089_Chest_Press_(rack)_record0004,579,2,9,8,2.1,0.6132726529775772,0.3391082994033752,0.13152603173204835,0.11271306306132833,0.5529486725959945,0.8569639148769669,second
singleonly_subject089_Chest_Press_(rack)_record0004,579,3,9,8,0.2,2.8991202224744974,7.100879777525502,0.07641296752315638,0.15684983551667864,2.4493222883543133,2.0526599162523884,first
singleonly_subject089_Chest_Press_(rack)_record0004,579,4,9,8,3.36,0.5382235985521122,0.057014496685983095,0.15731096562770663,0.08916214168429089,0.1059308748991295,0.5667891067130228,second
singleonly_subject089_Chest_Press_(rack)_record0004,579,5,9,8,2.08,0.685487909720776,0.27605055181768545,0.15549896999779883,0.08558665019560448,0.40270666762033897,0.550400110025269,second
singleonly_subject089_Chest_Press_(rack)_record0004,579,6,9,8,1.46,0.7665879994928594,0.6032750142057708,0.10043725333334207,0.15997449990854867,0.786961202894998,1.5927805131987025,first
singleonly_subject089_Chest_Press_(rack)_record0004,579,7,9,8,0.2,3.8365979537742376,6.1634020462257615,0.20209554972393798,0.2503126014129382,1.606475872761841,1.2385854203858748,first
singleonly_subject089_Chest_Press_(rack)_record0004,579,8,9,8,2.64,0.33284458720753624,0.4247311703682213,0.12880639322176982,0.08409826730682061,1.2760645258845433,0.6529044498748297,second
singleonly_subject091_Chest_Press_(rack)_record0001,564,1,20,21,1.54,0.38278002824515667,0.9159212704561419,0.07045527583294013,0.1336252607264722,2.3928136341259885,1.8965969424818867,first
singleonly_subject091_Chest_Press_(rack)_record0001,564,2,20,21,2.9,0.40822608478148187,0.2814290876323112,0.10730549861580392,0.15140367589557258,0.6893951614653839,1.4109591572530458,first
singleonly_subject091_Chest_Press_(rack)_record0001,564,3,20,21,1.08,1.0819119906651706,0.7699398611866811,0.15536851890536799,0.1582631608215159,0.711647405546651,1.0186308136071696,first
singleonly_subject091_Chest_Press_(rack)_record0001,564,4,20,21,0.82,1.2244514236926258,1.2145729665512768,0.15326389956310696,0.18648752477609185,0.9919323405157566,1.2167739781363514,first
singleonly_subject091_Chest_Press_(rack)_record0001,564,5,20,21,1.22,0.7404501822778455,0.8988940800172364,0.12612177046082831,0.16218122462829485,1.213983197697339,1.2859098317103477,first
singleonly_subject091_Chest_Press_(rack)_record0001,564,6,20,21,1.32,0.789994521091122,0.7251569940603931,0.11451469984044564,0.1373685222869297,0.9179266117679186,1.1995710810780318,first
singleonly_subject091_Chest_Press_(rack)_record0001,564,7,20,21,1.24,0.7676672365670024,0.8452359892394492,0.11964366309433325,0.13997842316958903,1.101044761294403,1.16996102885301,first
singleonly_subject091_Chest_Press_(rack)_record0001,564,8,20,21,1.2,0.8178519957335437,0.8488146709331231,0.09944688488862738,0.1625852340710299,1.0378585310803192,1.6348951930783198,first
singleonly_subject091_Chest_Press_(rack)_record0001,564,9,20,21,1.28,0.6064144359816501,0.95608556401835,0.1169387431232412,0.15489120904298373,1.5766207189158683,1.3245499729695622,first
singleonly_subject091_Chest_Press_(rack)_record0001,564,10,20,21,1.26,0.8653376473466245,0.7219639399549628,0.13300079743028984,0.14865414163932425,0.8343147234709052,1.1176936117036356,first
singleonly_subject091_Chest_Press_(rack)_record0001,564,11,20,21,1.26,0.8148401868806208,0.7724614004209666,0.09921853114011912,0.15175268080993592,0.9479912906334564,1.529479211858384,first
singleonly_subject091_Chest_Press_(rack)_record0001,564,12,20,21,1.16,0.900487725175554,0.8236502058589289,0.12114354818845027,0.15765873170191574,0.9146712196419499,1.3014207859973084,first
singleonly_subject091_Chest_Press_(rack)_record0001,564,13,20,21,1.16,0.8108574908013717,0.9132804402331112,0.11956241669132878,0.14197927204507843,1.1263143654633008,1.1874908183867066,first
singleonly_subject091_Chest_Press_(rack)_record0001,564,14,20,21,1.16,0.7028022554958876,1.0213356755385954,0.10945762894498615,0.14619541016354598,1.4532333491416516,1.3356347252599852,first
singleonly_subject091_Chest_Press_(rack)_record0001,564,15,20,21,1.16,0.8968547396182733,0.8272831914162095,0.1187538985580579,0.1353517180613664,0.9224271834347718,1.139766523077084,first
singleonly_subject091_Chest_Press_(rack)_record0001,564,16,20,21,1.14,0.9501773656426425,0.8042085992696383,0.12253347405917442,0.13299210821886875,0.8463773484287538,1.0853532819500702,first
singleonly_subject091_Chest_Press_(rack)_record0001,564,17,20,21,1.14,0.7100361531670613,1.0443498117452197,0.10269349516710961,0.14978988525456183,1.470840332688664,1.458611229570226,first
singleonly_subject091_Chest_Press_(rack)_record0001,564,18,20,21,1.24,0.8405507356228712,0.7723524901835804,0.11846936153797426,0.1374299066687705,0.9188648078586785,1.160045980535808,first
singleonly_subject091_Chest_Press_(rack)_record0001,564,19,20,21,1.22,0.9466973834252201,0.6926468788698619,0.10642403253036241,0.1235933321873342,0.731645498336348,1.161329158919753,first
singleonly_subject091_Chest_Press_(rack)_record0001,564,20,20,21,1.26,0.9098213106900124,0.6774802766115748,0.10737315262452898,0.1322653589644744,0.7446300374056647,1.2318289603267072,first
singleonly_subject091_Chest_Press_(rack)_record0001,564,21,20,21,1.3,0.8694504787704651,0.6690110596910733,0.09258988058862838,0.10780654010669583,0.7694642490014572,1.1643447363937556,first
singleonly_subject092_Chest_Press_(rack)_record0001,231,1,21,17,1.9,0.6370788415782918,0.41555273736907666,0.11961825685749121,0.06751425091038192,0.652278352769637,0.5644142682234194,second
singleonly_subject092_Chest_Press_(rack)_record0001,231,2,21,17,1.88,0.4019936068962363,0.6618361803378062,0.10055628583341185,0.09352712051425763,1.6463848404152388,0.9300972061478165,second
singleonly_subject092_Chest_Press_(rack)_record0001,231,3,21,17,3.1,0.4971869447576755,0.1479743455649051,0.08689979337378102,0.09791090717936435,0.2976231518649921,1.1267104716604026,first
singleonly_subject092_Chest_Press_(rack)_record0001,231,4,21,17,0.38,0.514894025042567,4.748263869694275,0.1308975476994252,0.0761056807067032,9.221827480522288,0.5814141062555399,second
singleonly_subject092_Chest_Press_(rack)_record0001,231,5,21,17,0.7,1.6081172403276116,1.2490256168152458,0.04095398498202147,0.10236509651891701,0.7767005946412151,2.4995149205591254,first
singleonly_subject092_Chest_Press_(rack)_record0001,231,6,21,17,2.0,0.33862883198419014,0.6613711680158099,0.10565529152598895,0.07008562663084292,1.9530858141656642,0.6633423240671609,second
singleonly_subject092_Chest_Press_(rack)_record0001,231,7,21,17,1.42,0.6847882590315402,0.723662445193812,0.056230236442456824,0.06599088784995945,1.0567681843979766,1.1735836806855895,first
singleonly_subject092_Chest_Press_(rack)_record0001,231,8,21,17,1.12,0.7480017651734472,1.0377125205408382,0.05389016118911432,0.08564393627014644,1.38731293007071,1.5892313992084757,first
singleonly_subject092_Chest_Press_(rack)_record0001,231,9,21,17,1.06,1.533999347892072,0.35279310493811655,0.026698818554105972,0.0844504925290394,0.22998256513140194,3.1630797579262877,first
singleonly_subject092_Chest_Press_(rack)_record0001,231,10,21,17,1.08,0.8742593895449841,0.9775924623068676,0.04257785277382221,0.08262089062617667,1.1181949819442765,1.9404663514871703,first
singleonly_subject092_Chest_Press_(rack)_record0001,231,11,21,17,1.36,0.6885040489328321,0.7820841863612854,0.08933065446270924,0.0776989098979461,1.1359180640600453,0.8697899994719196,second
singleonly_subject092_Chest_Press_(rack)_record0001,231,12,21,17,1.02,1.2522736661233196,0.7085106476021706,0.047637369487601305,0.0861426309117715,0.5657794033116711,1.8082994892107143,first
singleonly_subject092_Chest_Press_(rack)_record0001,231,13,21,17,2.34,0.29618777799468143,0.5585130767061733,0.09477703082894474,0.06785219861117439,1.8856722599681424,0.7159139510672711,second
singleonly_subject092_Chest_Press_(rack)_record0001,231,14,21,17,2.14,0.28690188183936427,0.6476775574129721,0.09550354581709766,0.0731636781167935,2.2574880069124306,0.7660833688511622,second
singleonly_subject092_Chest_Press_(rack)_record0001,231,15,21,17,1.22,0.8240114218351183,0.8153328404599637,0.07214980837159667,0.08222158305771515,0.9894678870399308,1.1395953075058125,first
singleonly_subject092_Chest_Press_(rack)_record0001,231,16,21,17,1.04,1.1623650059256638,0.7607119171512592,0.042187044321605874,0.09924887330722969,0.6544518402336594,2.3525912967645355,first
singleonly_subject092_Chest_Press_(rack)_record0001,231,17,21,17,2.18,0.36481936473498405,0.5526118279255663,0.08310215568576644,0.059224312319691545,1.5147546466646595,0.7126687849547008,second
singleonly_subject093_Chest_Press_(rack)_record0001,549,1,3,2,1.56,0.47589214135228997,0.8061591406989921,0.154485181631146,0.06641806965635642,1.6939954889950881,0.42993165399474,second
singleonly_subject093_Chest_Press_(rack)_record0001,549,2,3,2,1.1,0.6601768044616421,1.1580050137201758,0.14942770037055153,0.05577624868698466,1.7540831575633749,0.37326579040345564,second
singleonly_subject093_Chest_Press_(rack)_record0002,549,1,20,20,0.74,0.9450168071933905,1.7576858955093122,0.1364947138797302,0.0490055122621306,1.8599519946417367,0.35902864564638676,second
singleonly_subject093_Chest_Press_(rack)_record0002,549,2,20,20,0.86,0.7464549469533687,1.5791264483954686,0.13360270743741368,0.044733091530059596,2.1155013505377935,0.3348217441702284,second
singleonly_subject093_Chest_Press_(rack)_record0002,549,3,20,20,0.94,0.7112523225065667,1.4164072519615185,0.11467314936003886,0.049286741265616225,1.991427243386529,0.4298019330651749,second
singleonly_subject093_Chest_Press_(rack)_record0002,549,4,20,20,1.16,0.762899770973686,0.9612381600607968,0.12981973559583487,0.04837647295901695,1.2599796154532492,0.3726434408218673,second
singleonly_subject093_Chest_Press_(rack)_record0002,549,5,20,20,0.94,0.7485599629907244,1.379099611477361,0.12443628282442608,0.0316179251743689,1.8423368596517495,0.254089277312955,second
singleonly_subject093_Chest_Press_(rack)_record0002,549,6,20,20,1.18,0.7472064942482807,0.9477087599890076,0.1323878191511112,0.04398173437523143,1.2683358178550632,0.33221889035749913,second
singleonly_subject093_Chest_Press_(rack)_record0002,549,7,20,20,1.18,0.7011963128449537,0.9937189413923347,0.1104221821640785,0.05485833852327194,1.4171765070476958,0.49680541941977613,second
singleonly_subject093_Chest_Press_(rack)_record0002,549,8,20,20,1.44,0.7752332561655146,0.6136556327233743,0.10023716501190953,0.0867799222276082,0.7915754746625021,0.8657459757296365,second
singleonly_subject093_Chest_Press_(rack)_record0002,549,9,20,20,1.08,0.9620054517815114,0.8898464000703403,0.13202727105593315,0.04103919169474202,0.9249910158226841,0.3108387484382361,second
singleonly_subject093_Chest_Press_(rack)_record0002,549,10,20,20,1.12,0.6986046378412438,1.0871096478730415,0.12405126152720841,0.0495704514787751,1.556115704058759,0.39959651251029565,second
singleonly_subject093_Chest_Press_(rack)_record0002,549,11,20,20,1.16,0.7066476858986727,1.01749024513581,0.12000989660690194,0.050719555943116355,1.4398833611714532,0.42262811132360734,second
singleonly_subject093_Chest_Press_(rack)_record0002,549,12,20,20,1.32,0.5029536510749234,1.0121978640765916,0.11883795151844381,0.06313538178175188,2.012507239808878,0.5312728886272764,second
singleonly_subject093_Chest_Press_(rack)_record0002,549,13,20,20,1.18,0.4823736863615383,1.21254156787575,0.12160979042347976,0.06097143403639349,2.5136975796124834,0.5013694524435383,second
singleonly_subject093_Chest_Press_(rack)_record0002,549,14,20,20,1.26,0.6128924843398986,0.9744091029616886,0.12091360971346239,0.06530919361960606,1.5898532415700168,0.5401310388001311,second
singleonly_subject093_Chest_Press_(rack)_record0002,549,15,20,20,1.26,0.506705580200083,1.0805960071015042,0.1348199961554421,0.05495829868958575,2.1325914876935217,0.4076420431448538,second
singleonly_subject093_Chest_Press_(rack)_record0002,549,16,20,20,1.26,0.6452225603958565,0.9420790269057308,0.12354612314870965,0.06940716909800185,1.4600838295668817,0.5617915587238461,second
singleonly_subject093_Chest_Press_(rack)_record0002,549,17,20,20,1.34,0.5818697413070895,0.9106675721257462,0.13409116176815553,0.055067676337983595,1.5650711963128692,0.41067342255708067,second
singleonly_subject093_Chest_Press_(rack)_record0002,549,18,20,20,1.22,0.5860890583460387,1.0532552039490433,0.12448933876565223,0.062271891061838516,1.797090713348858,0.5002186667491555,second
singleonly_subject093_Chest_Press_(rack)_record0002,549,19,20,20,1.22,0.5113944737700222,1.1279497885250598,0.13664410053602233,0.04553485402889366,2.2056354661202437,0.3332368821652106,second
singleonly_subject093_Chest_Press_(rack)_record0002,549,20,20,20,2.02,0.6071770755536074,0.3829219343473826,0.09341172558514896,0.0665544683777986,0.630659406892536,0.7124851613744276,second
singleonly_subject094_Chest_Press_(rack)_record0001,590,1,20,11,0.84,0.9246900888763859,1.4562622920759951,0.13008758024101913,0.114840085489699,1.574865254417873,0.8827905421634378,second
singleonly_subject094_Chest_Press_(rack)_record0001,590,2,20,11,0.98,0.7567195990994862,1.2840967274311261,0.15867020516292626,0.0924780010265482,1.6969254251630737,0.5828315462981196,second
singleonly_subject094_Chest_Press_(rack)_record0001,590,3,20,11,1.7,0.619445911722092,0.5570246765132022,0.14772826049711094,0.12374182962489885,0.8992305316288948,0.8376313997640202,second
singleonly_subject094_Chest_Press_(rack)_record0001,590,4,20,11,0.22,3.869689727979417,5.221219362929674,0.07135988077546111,0.24231080235472752,1.349260465297296,3.39561669276292,first
singleonly_subject094_Chest_Press_(rack)_record0001,590,5,20,11,0.96,0.7883278117471099,1.2950055215862235,0.10793614951197482,0.12237830620372112,1.6427246410553538,1.1338027783744873,first
singleonly_subject094_Chest_Press_(rack)_record0001,590,6,20,11,1.98,0.7067451851217995,0.30335582497921065,0.10399698241656258,0.11143159016049331,0.4292294187005048,1.0714886871827802,first
singleonly_subject094_Chest_Press_(rack)_record0001,590,7,20,11,0.28,4.908057979729781,2.2347991631273607,0.14263119920577377,0.21188294342822703,0.45533267381050785,1.4855301267049146,first
singleonly_subject094_Chest_Press_(rack)_record0001,590,8,20,11,0.22,4.26043638526625,4.83047270564284,0.13244990765592718,0.2253850250103561,1.1337976368683569,1.7016623793793189,first
singleonly_subject094_Chest_Press_(rack)_record0001,590,9,20,11,0.2,4.5756910621385325,5.424308937861467,0.08273001790846438,0.21831986273858536,1.1854622316495111,2.638943738415997,first
singleonly_subject094_Chest_Press_(rack)_record0001,590,10,20,11,0.2,3.2639683766725245,6.736031623327475,0.03488285117460867,0.19408067206698762,2.0637551734476576,5.563784654399453,first
singleonly_subject094_Chest_Press_(rack)_record0001,590,11,20,11,0.24,2.4552821160146667,5.878051217318667,0.04031008771786922,0.13656613811944399,2.3940431036331282,3.3878898769774954,first
